school,type,ba,ma,lang,ba_url,ma_url,lang_url
가야대학교,univ,2027,2026,no-url,https://drive.google.com/file/d/1bJtNj136i69JMOH0QqYm94dwCrhix1RU/view,https://drive.google.com/file/d/1o3xlX6I5fsRtYKLo3mUZV4N-t-Sy_bw9/view,
가천대학교,univ,2027,2026,open(no yr text),https://drive.google.com/file/d/1oJYmzI7N61370oYkuCkeq3tA4gmmkXIF/view,https://drive.google.com/file/d/18lDTjpwlTbGss31jy60Qe9pA4zRnyO4q/view,https://oia.gachon.ac.kr/international/a/m/klecInfo.do
가톨릭관동대학교,univ,2027,,open(no yr text),https://drive.google.com/file/d/1wWQ9No5gdtdx1oaod_PoL2vMx7pRxxq_/view,,http://www.cku.ac.kr/oia/5520/subview.do
가톨릭꽃동네대학교,univ,2026,,no-url,https://drive.google.com/file/d/1bVoFUN13nYpc2U71C97vuiKIONWbKym8/view,,
가톨릭대학교,univ,2026,2026,open(no yr text),https://drive.google.com/file/d/1wNehCMj3KksA5KkB8gTtkQEmXRrr-EM8/view,https://drive.google.com/file/d/1eXbVvIF37IAZ9uMImec1WdMOL1-Ul9j9/view,https://kli.catholic.ac.kr/kli/index.do
감리교신학대학교,univ,2027,,no-url,https://drive.google.com/file/d/1LmR8Ee0HG6cW2Fw1JhoiV7KHbCPlSMXy/view,,
강남대학교,univ,2026,,no-url,https://drive.google.com/file/d/1V9r0urc2KH_gUL71xu3iGhQhMz-D4HA1/view,,
강서대학교,univ,2027,2026,no-url,https://drive.google.com/file/d/1QBZUmstn6xsWszulW5la7w2U0n9WvhoV/view,https://drive.google.com/file/d/1qYwwL_LBjib0wDgojaCRdvcoRsBhd_9J/view,
강원대학교,univ,2026,2026,open(no yr text),https://drive.google.com/file/d/1KuCiv2Zqql6KULMcAQ93daAesG5EeYmD/view,https://drive.google.com/file/d/1Lpkv3ZOKItjRppi6DintV_O1H4XnYKl1/view,https://oiaknu.kangwon.ac.kr/oiaknu/language/korean/guide-chuncheon01.do
건국대학교,univ,2026,2026,open(no yr text),https://drive.google.com/file/d/17lkDOEbhw_uJJ1_-l1asy2LLzFYRmRGQ/view,https://drive.google.com/file/d/1JhTGgC5caOZTLo2ku8Ict8yNcoKRcgAH/view,https://fli.konkuk.ac.kr/ko/regular/
건양대학교,univ,2027,2026,open(no yr text),https://drive.google.com/file/d/1Qs2mJQscnzevkCpHuW4Qw5SBvSB7wYX_/view,https://drive.google.com/file/d/1avC9jxGpynqNFCB5n9Cc5SolS1c76Z33/view,https://interedu.konyang.ac.kr/interedu/sub05_03.do
경기대학교,univ,2026,2026,open(no yr text),https://drive.google.com/file/d/1MgrFaEIIquxnS4jTs9RSTsxv2qcKR-DL/view,https://drive.google.com/file/d/1lLJUM0YISJKcJSx82gAjaGJJMkX0WwRu/view,https://www.kyonggi.ac.kr/IOIE/contents.do?key=1494
경남대학교,univ,2027,2026,2027?,https://drive.google.com/file/d/1yBr6aw-kuCmS4Kqi3xT2SWR3SoFOHxXP/view,https://drive.google.com/file/d/1sGdHmtd7GAs8ogR4PDh5GvcSDAAXDLt6/view,https://www.kyungnam.ac.kr/international/6904/subview.do
경동대학교,univ,2027,,no-url,https://drive.google.com/file/d/190zjej1Ry22WhV7QAFAgH1MwTVi5v_hA/view,,
경북대학교,univ,2027,2026,fail(500),https://drive.google.com/file/d/1ws-lrauAVKS7IxvX9OInIoSBy0D_1MDF/view,https://drive.google.com/file/d/1lU40HtfGqXLAh_HKBW5nTT8179onz6c9/view,https://lang.knu.ac.kr/hmpg/cms/subPage/MNU0080133.knu
경상국립대학교,univ,2026,2026,open(no yr text),https://drive.google.com/file/d/1pWjXAE5HGqcxbiQ03VEoxsAL4_DIMmvs/view,https://drive.google.com/file/d/1hFFqgWDLgzk9iSoV895G-wV2Gx-yPUaB/view,https://www.gnu.ac.kr/sle/cm/cntnts/cntntsView.do?mi=7772&cntntsId=4140
경성대학교,univ,2026,2026,open(no yr text),https://drive.google.com/file/d/1PwDlpcgxzO6rHA0oT9h-l0GiK38ufpIZ/view,https://drive.google.com/file/d/1F7cX-dOF7krL5zz959RDc6xfBXxiLP7f/view,https://kscms.ks.ac.kr/lec/CMS/Contents/Contents.do?mCode=MN070
경운대학교,univ,,,fail(0),,,https://www.ikw.ac.kr/worldle/page/link.tc?mn=5711&pageSeq=4630
경일대학교,univ,2026,2026,open(no yr text),https://drive.google.com/file/d/15P_yvxyIAQpCCq0nP8rhNW7fkYOs4fdG/view,https://drive.google.com/file/d/1085KK5JlfiupCserVKRDbclYlAwNFF-P/view,https://global.kiu.ac.kr/
경희대학교,univ,2027,2026,2027?,https://drive.google.com/file/d/1JhD6CkiAU5iYL2DOyROrkmJhHY9DPtcY/view,https://drive.google.com/file/d/12XN2dbPZFEd-ffAZRPhJaVroTKsB9G0U/view,https://iie.khu.ac.kr/bbs/content.php?co_id=OnCampus
계명대학교,univ,2027,2026,fail(0),https://drive.google.com/file/d/1hFW4RPKaSupHtD1EVrigZ3dNA4ZwQGYa/view,https://drive.google.com/file/d/1PIlv2Jqeb0iAc2AENciJFVQSEdRC7ikc/view,https://kintlcenter.kmu.ac.kr/sites/kintlcenter/index.do
고려대학교,univ,2027,2026,2027?,https://drive.google.com/file/d/1N5b_3A7V-xlgOK3LK_-RytmiB5yEt0m9/view,https://drive.google.com/file/d/1Cn-H3c50lGnEKYgYopkR1OnY3Fak8fOa/view,https://klc.korea.ac.kr/klckor/course/regular_guide.do
고신대학교,univ,2027,,fail(0),https://drive.google.com/file/d/1UPVdgHE64mFJdPD0-ePsRe-rz2x6lRaX/view,,https://global.kosin.ac.kr/korean/bbs/board.php?bo_table=notice&wr_id=137
광신대학교,univ,2026,,no-url,https://drive.google.com/file/d/1JipyW1w_bzs0vhHNzWjz4UnabgEYielp/view,,
광운대학교,univ,2027,2026,open(no yr text),https://drive.google.com/file/d/1YxGI-nnWcMa_HlCFC7jspqI2uXbr7OQe/view,https://drive.google.com/file/d/1YhbD0fSmOLoIZGlPFmpnwFWIQejqiEry/view,https://kwiie.kw.ac.kr/
광주대학교,univ,2026,2026,open(no yr text),https://drive.google.com/file/d/1lYrUqtAr-F2wo7NtJTNLM_YNdaqyaEFF/view,https://drive.google.com/file/d/1wBzOdLhWo-YFfk9VdcvGo0CWy-Ljn2v4/view,https://ie.gwangju.ac.kr/board/?board=notice&site=gw_ie&mn=1438&type=view&post_idx=167953
광주여자대학교,univ,,,open(no yr text),,,https://globalgate.kwu.ac.kr/mod/page/view.do?MID=GLOBALGATE_C05010101
국립강릉원주대학교,univ,2026,2026,open(no yr text),https://drive.google.com/file/d/1gSowC-Fy07cYcEoCPIPDK1K4YOkdjqFo/view,https://drive.google.com/file/d/1ft6HMaPQO7wvoazlZvhLgsHlS6E6sXbQ/view,https://kls.gwnu.ac.kr/application/
국립경국대학교,univ,2027,2026,open(no yr text),https://drive.google.com/file/d/1g4MRG-lJB0v1Dr4IwzT1tR_VVi53uNrE/view,https://drive.google.com/file/d/1KpKLkpRJ4-N5irNuIUacFYGIWSvAlu_1/view,https://ic.gknu.ac.kr/bbs/korean.php
국립공주대학교,univ,2026,2026,fail(0),https://drive.google.com/file/d/1V1xuIgT1MvdX9KPlfyXUSvZZq4Bdg4nF/view,https://drive.google.com/file/d/1jjKJ6bL483cE6gCzd6rnugng3cTid-bv/view,https://iile.kongju.ac.kr/
국립군산대학교,univ,2026,2026,open(no yr text),https://drive.google.com/file/d/1k2jkuo-7_kDxxyZIEcT6Lw01xcAsraRK/view,https://drive.google.com/file/d/1mT_U1Rx53IwxKT0OJfNQXJQwQHcwOX98/view,https://www.kunsan.ac.kr/inter/index.kunsan?menuCd=DOM_000013303005000000
국립금오공과대학교,univ,2026,2026,2027?,https://drive.google.com/file/d/1XGN8PgGQPhN_f6c2kpeoTFsbwDEE8_pM/view,https://drive.google.com/file/d/1lOiJBtH0EGccuwbCz4ia6KACTAg9G-D1/view,https://www.kumoh.ac.kr/iplec/sub06010102.do
국립목포대학교,univ,2026,2026,open(no yr text),https://drive.google.com/file/d/1Yrg2aJ1cJleanabMUtvgSCALQREAZWDR/view,https://drive.google.com/file/d/1hteFQxjUF4MlJvEM3o0zJPGQ9i6v_7XS/view,https://oia.mokpo.ac.kr/bbs/iiee/155/280933/artclView.do
국립목포해양대학교,univ,2027,2026,open(no yr text),https://drive.google.com/file/d/1mZCjmh6ob3Ixs_OYiymgIySZIcTiDwGP/view,https://drive.google.com/file/d/1z6wk5FZLgS1IBrdRVRCZNMJ-exrir8l6/view,https://www.mmu.ac.kr/OE/board/185
국립부경대학교,univ,2026,2026,fail(0),https://drive.google.com/file/d/1xO2Shwfa_71bavZqJENyOrjjK_f6Nezu/view,https://drive.google.com/file/d/1RJlhpZfLVcuBaR5ipkbVwsmGdF6WPUVy/view,https://admission.pknu.ac.kr/
국립순천대학교,univ,2026,2026,2027?,https://drive.google.com/file/d/11e6bsaO7brMATjYBMJHeGK8hNFgdnJBv/view,https://drive.google.com/file/d/134PLk6ZSktcSRg1WN_Ie3o99UCo4VBt1/view,https://www.scnu.ac.kr/ials/cm/cntnts/cntntsView.do?mi=1844&cntntsId=1583
국립창원대학교,univ,2027,2026,open(no yr text),https://drive.google.com/file/d/1wmlRIy0yvNn7M7C2kM2k0UEdJjHYXhw3/view,https://drive.google.com/file/d/1_W8Ec5oH45VIVEdZl1xjj9YsSiCC2xqJ/view,https://www.changwon.ac.kr/international/cm/cntnts/cntntsView.do?mi=18689&cntntsId=6832
국립한국교통대학교,univ,2026,2026,open(no yr text),https://drive.google.com/file/d/1YhKdE3Qzj1v3DxemKCNBQyRfi-B39UaM/view,https://drive.google.com/file/d/1JPnb2Z0MA3aJYSYbeu1WyFMn5EyWq63E/view,https://www.ut.ac.kr/iec/sub04_05.do
국립한국해양대학교,univ,2026,2026,fail(404),https://drive.google.com/file/d/19DKDlr_LEjCSXiIAwHIll1DV10Q3IxPd/view,https://drive.google.com/file/d/16NHH89_Z-QUtMQQbgpEmUyVH-EKEPSF6/view,https://www.kmou.ac.kr/global/cm/cntnts/cntntsView.do?mi=2702&cntntsId=2296
국립한밭대학교,univ,2026,2026,open(no yr text),https://drive.google.com/file/d/1lNXsXvLaegvDW3F1r8QGfVb63miTHBvw/view,https://drive.google.com/file/d/1ol--C78znRzyergIbvDmEPA_Mvspw9eI/view,https://www.hanbat.ac.kr/global/sub05_01.do
국민대학교,univ,2026,2026,open(no yr text),https://drive.google.com/file/d/1SlmJtqkza_NSjIuF4hLXRttrn_AfCrrA/view,https://drive.google.com/file/d/1cPM5NKDAfgEqG5rcr4VFzth8tYaXTpmx/view,https://iie.kookmin.ac.kr/
극동대학교,univ,2026,2026,2027?,https://drive.google.com/file/d/1StLshQ2d0GmIVKiko_1BlNjZnlYjwQuk/view,https://drive.google.com/file/d/1-P2AF9hR5gwHTz1JDUk3X5d1KyXifp7n/view,https://www.kdu.ac.kr/home/sub.do?mncd=2156
금강대학교,univ,2027,,no-url,https://drive.google.com/file/d/1IUAZWnN9Cjy4Tg6I12a2kzo742G8vFIq/view,,
김천대학교,univ,2026,,open(no yr text),https://drive.google.com/file/d/1vUOPhvt8Le-kRyjF4zQfcOrdKq-z5Gop/view,,https://iec.gimcheon.ac.kr/
나사렛대학교,univ,2026,,no-url,https://drive.google.com/file/d/1Htj8olRBgKpKyHGR47-oxAKDcsmGgXRG/view,,
남부대학교,univ,2026,2026,open(no yr text),https://drive.google.com/file/d/1Ozl4jYzSStuKuodCKlvevVLfUreJP5t3/view,https://drive.google.com/file/d/1Sgj-WuCekegrN9R0okW2KbS5LTCfHx0m/view,https://global.nambu.ac.kr/content/view.do?menuCd=dept_globa002003
남서울대학교,univ,,,open(no yr text),,,https://nice.nsu.ac.kr/?p=26
단국대학교,univ,2027,2026,2027?,https://drive.google.com/file/d/1e2E2to5j5uIUlCQq4xqbjzMOwVhu3FuW/view,https://drive.google.com/file/d/1dLVfgYj_jYkln3t8AWmKke06O2bctUyf/view,https://klc.dankook.ac.kr/
대구가톨릭대학교,univ,2026,2026,open(no yr text),https://drive.google.com/file/d/1PRToucvNNH5t5rvmvvl6kqi44Sa6n8ne/view,https://drive.google.com/file/d/1FFbinN530QBByWnXkgGjGQe-ROCSo_tZ/view,https://academics.cu.ac.kr/home/detail/etc/klei/
대구대학교,univ,2026,2026,open(no yr text),https://drive.google.com/file/d/1oYNeTGWtUi12vSY4OONiEzThCWOo8rLW/view,https://drive.google.com/file/d/1pUWM8P31kEwUqzYmoD_UG6Ftulq5EYXE/view,https://www.daegu.ac.kr/dept/955/detail
대구예술대학교,univ,2026,,no-url,https://drive.google.com/file/d/1vPp7PEhxER7YnBUWEIAPPxdj5ohfq6H6/view,,
대구한의대학교,univ,2026,2026,2027?,https://drive.google.com/file/d/1MH5jrnU9u8XVk0CllyHc8KnzPAKTZH01/view,https://drive.google.com/file/d/1AysaOsDQLNUlE5GN5Ze8CB_ldYeIJZez/view,http://www.dhu.ac.kr/HOME/exchange/sub.htm?hmode=p&nav_code=exc1574837612
대신대학교,univ,2026,,fail(0),https://drive.google.com/file/d/1U_trFi5thSaJxU1obzsnetbMZo9y8RGD/view,,https://www.daeshin.ac.kr/html/03_edu/03_4_1.php
대전가톨릭대학교,univ,2027,,no-url,https://drive.google.com/file/d/1A6smIYubcbD9U4RoBjCTevL5qJ6AvMpW/view,,
대전대학교,univ,2027,2026,open(no yr text),https://drive.google.com/file/d/1LbZPVL9bdXfuUsboB85cEBywfEaE8ctE/view,https://drive.google.com/file/d/18BMusdmPPeJJs_7s3fm5SAyBcSQeNik7/view,https://www.dju.ac.kr/intro/global/cntnts.html?mi=7425#lang-center
대진대학교,univ,2026,2026,fail(302),https://drive.google.com/file/d/1HSCkTtVuCwuZ3YJC6mCKau8fgRObxp1O/view,https://drive.google.com/file/d/1Ah_DNhY_5mQur8k7Yr9p45HL61vSpDZP/view,https://www.daejin.ac.kr/abroad/5220/subview.do
덕성여자대학교,univ,2027,,open(no yr text),https://drive.google.com/file/d/1A0HpsdUdvp8RVpbnPtoGBHrNaBW9_V0r/view,,https://dilc.ds.ac.kr/main/eng_main.php
동국대학교,univ,2026,2026,open(no yr text),https://drive.google.com/file/d/1efYIRu4G_K2Nr9MtfQgXpva8aJUCUi1e/view,https://drive.google.com/file/d/1pFhOlG7zazgODljiWt08h3mKZsBWAQsw/view,https://interlang.dongguk.edu/index_kr.php
동덕여자대학교,univ,2026,2026,2027?,https://drive.google.com/file/d/1BI1HN5Cm8CG93KGf1cDp4EuXqE-sSK11/view,https://drive.google.com/file/d/1_KZNhT2kTAU73CSb0p8hf0JDQr7vZIct/view,https://kli.dongduk.ac.kr/
동명대학교,univ,2026,2026,open(no yr text),https://drive.google.com/file/d/1ibetJN1QujTjqjGwilw8n3AryZuzL-6q/view,https://drive.google.com/file/d/1B04iIu_tYyqTNy6hPiseEeUZlH0tGcH2/view,https://www.tu.ac.kr/kli/index.do
동서대학교,univ,2026,2026,open(no yr text),https://drive.google.com/file/d/12A95LJp64ZUW342YW0MdtRBzt8-b6EiE/view,https://drive.google.com/file/d/18FHRKbJu5LMMatrcCy8lOpidSCZ614Qt/view,https://uni.dongseo.ac.kr/iec/index.php?pCode=admission&mode=view&idx=748
동신대학교,univ,2027,2026,open(no yr text),https://drive.google.com/file/d/18dfnXEBEEmjuGV8DtVHsbIFbJLDmeXqF/view,https://drive.google.com/file/d/1BoqnGdQWwG4QFjuA0qseYMuQpjrwtQvM/view,https://ie.dsu.ac.kr/ie/index.php?pCode=korprogram
동아대학교,univ,2026,2026,open(no yr text),https://drive.google.com/file/d/1jHpszZpI15-XqdOwbfYUFTHiQ3ZHCtVE/view,https://drive.google.com/file/d/1KeCup3_H0C8dmkWiCSWXC2XopJcSOqix/view,http://www.donga.ac.kr/global/CMS/Contents/Contents.do?mCode=MN032
동양대학교,univ,2026,2026,open(no yr text),https://drive.google.com/file/d/1dUftDuy2HAQuMF-fEOVYOZUegT-Gyhr3/view,https://drive.google.com/file/d/1WQsXfhetRNP9HreVT2pdiA0r26tFGE2N/view,https://korean.dyu.ac.kr/
동의대학교,univ,,,open(no yr text),,,https://deuhome.deu.ac.kr/language/sub08_01.do
루터대학교,univ,2027,,no-url,https://drive.google.com/file/d/1_UsSB2vzrMHljK4bHPNUcg1VYWXlWUDs/view,,
명지대학교,univ,2026,2026,2027?,https://drive.google.com/file/d/1vPEymxjQWZWWyMzO3-sqo5mSDdmx7yLz/view,https://drive.google.com/file/d/16JCsJqmVqY-sFEdt2Qglt__kdr1-Jj4P/view,https://klec.mju.ac.kr/application/application_01.php
목원대학교,univ,2027,,open(no yr text),https://drive.google.com/file/d/1STdlgPPwP5dyIBFKgAJz6iiBof1PM_nS/view,,https://www.mokwon.ac.kr/klec/
목포가톨릭대학교,univ,2026,,no-url,https://drive.google.com/file/d/1qhSPILM_P-7eOzqEjuBXaXbue9jPiOWZ/view,,
배재대학교,univ,2027,,open(no yr text),https://drive.google.com/file/d/1j38jgJXe4whUYIoAGj9SwaecsaMjrd2W/view,,https://www.pcu.ac.kr/eckfl
백석대학교,univ,,,open(no yr text),,,https://www.bu.ac.kr/bulanguage/index.do
부산가톨릭대학교,univ,2026,2026,open(no yr text),https://drive.google.com/file/d/1dfHFbDa_P-HUWefQXBe1Dx03f7GpdG1T/view,https://drive.google.com/file/d/1qY68dXaztPG4GWW1uLlf7-FT_wmwHeEz/view,https://text.cup.ac.kr/organ/ext/front/conts/106003001000000.do
부산대학교,univ,2026,2026,open(no yr text),https://drive.google.com/file/d/14b9ExOK7_NUiOwwCAFa88UQ_Pwebl4vy/view,https://drive.google.com/file/d/1lb1Ux0UX2Ls6moIeo2ecVIQ_4w5GglCa/view,https://lei.pusan.ac.kr/
부산외국어대학교,univ,2026,2026,2027?,https://drive.google.com/file/d/1DpjPihQrW2LdYsekPnbdT6WEH7_aR9sL/view,https://drive.google.com/file/d/1pZ873rHLgWfiaAZvmYMha8IA31rkwU5r/view,https://klce.bufs.ac.kr/
부산장신대학교,univ,2027,,no-url,https://drive.google.com/file/d/1tQHpBzeT8D2GH1KnONbKGucVXH1HuT07/view,,
삼육대학교,univ,2026,2026,open(no yr text),https://drive.google.com/file/d/1CnxAks6KeIXZQDg7kv3qRDpa4b_Pvv0e/view,https://drive.google.com/file/d/1CTlOKpeUH3UoKCSrHn9SEOtzm83nZKjq/view,https://www.syu.ac.kr/iie/korean-course/course-introduction/
상명대학교,univ,2026,2026,open(no yr text),https://drive.google.com/file/d/1cfeMR1pL_eSKiLA9Wj1wSOdnOuZ9n1OP/view,https://drive.google.com/file/d/10nrzNIJhPxHdEJBOLNTYZO0aF8Wf5B8l/view,https://cklc.smu.ac.kr/
상지대학교,univ,2026,2026,2027?,https://drive.google.com/file/d/10YZGbnfglDddk2KgNZcNKRo3kSTUJzIq/view,https://drive.google.com/file/d/1oeiBXGeE0r92_HrfqghAWUC7cphb2BJH/view,https://www.sangji.ac.kr/global/sub03_01.do
서강대학교,univ,2026,2026,fail(0),https://drive.google.com/file/d/15_FmRn_qL2xo0QlcZZglTYWL6ktpR2nW/view,https://drive.google.com/file/d/1kvgXV-2Tu-_58vD26PLXaaK1fpbISFEu/view,https://klec.sogang.ac.kr/
서경대학교,univ,2026,2026,open(no yr text),https://drive.google.com/file/d/1IaJerr1iYMDQ6fTscu6ZudDXiOAdu45Z/view,https://drive.google.com/file/d/1dATIWdkZ983Our5vnrOd6vK3c3ERFX8A/view,https://lcec.skuniv.ac.kr/korean-course
서울과학기술대학교,univ,,,open(no yr text),,,https://klc.seoultech.ac.kr/
서울교육대학교,univ,,,open(no yr text),,,https://language.snue.ac.kr/
서울기독대학교,univ,2026,,no-url,https://drive.google.com/file/d/1KPviFRoDAEwyNu2nw95QD665apopG84v/view,,
서울대학교,univ,2027,2026,open(no yr text),https://drive.google.com/file/d/14TgSLvjf-Flv5gHwuIBTOzIrTEAlFGEX/view,https://drive.google.com/file/d/1Y2BqVOm15FrHKZks4Ebi0HRTaAB9WsKi/view,https://lei.snu.ac.kr/klec/
서울시립대학교,univ,2026,2026,open(no yr text),https://drive.google.com/file/d/17BUB1GcMuZEv9ruPhvYhqPYuslkzXz47/view,https://drive.google.com/file/d/1UrHFeeEWJet7DYq-K80evvKb4wKTGgoe/view,https://klcp.uos.ac.kr/klcp/main.do
서울신학대학교,univ,2026,2026,open(no yr text),https://drive.google.com/file/d/1W5P0uTJyexOYvSa8tFN3YMK1jaL9GNOD/view,https://drive.google.com/file/d/1QO-hqJkuVzEGp2aWe8q4R4yRBPlIubSr/view,https://klei.stu.ac.kr/
서울여자대학교,univ,2027,2026,2027?,https://drive.google.com/file/d/1J7Uk07WWaE5M-QfQxnji2Hk3hLG3mR2_/view,https://drive.google.com/file/d/1RWQkBIeHM3PICa6HXx_aWKdPVjDqaEpf/view,https://klc.swu.ac.kr/
서울장신대학교,univ,2026,,open(no yr text),https://drive.google.com/file/d/1-Z-JjhY_lSkRlzPt4JiKsy42M8OVAqyt/view,,https://www.sjs.ac.kr/ht_ml/w_01ed/1321_i1.php
서울한영대학교,univ,2026,2026,open(no yr text),https://drive.google.com/file/d/1RPdIymM1y2r4H8qTNM9-qfpyCYnZKAaw/view,https://drive.google.com/file/d/1rru-4fGsDXlRzzcy_sjUAfT2E7JZzWRZ/view,https://ili.shyu.ac.kr/fro_end/html/dep_03/3200.php
서원대학교,univ,2026,,2027?,https://drive.google.com/file/d/1FcJ5WoVJzygck1egqXiAfK10goAa9Cgc/view,,https://www.seowon.ac.kr/kli/index.do
선문대학교,univ,2027,2026,open(no yr text),https://drive.google.com/file/d/1zGcxG8dEmv2oEeMcyowh5VcGahcE-goY/view,https://drive.google.com/file/d/1YmagHibOtjny22SQl4-1zMaaqBoL3m0e/view,https://kli.sunmoon.ac.kr/file/%EC%84%A0%EB%AC%B8%EB%8C%80%ED%95%99%EA%B5%90%EB%AA%A8%EC%A7%91%EC%9A%94%EA%B0%95%2026%EB%85%84_%EC%96%B4%ED%95%99%EC%9B%90_%ED%95%9C%EA%B5%AD%EC%96%B4.pdf
성결대학교,univ,2026,,open(no yr text),https://drive.google.com/file/d/1k2bozu_7AapD8Txyec1Q2-3SPnDl_5kG/view,,https://fims.sungkyul.ac.kr/application/
성공회대학교,univ,2026,2026,open(no yr text),https://drive.google.com/file/d/1B6coIS6dW9KIsLmZ8l1u2C_qtvC00nlh/view,https://drive.google.com/file/d/1J59N42-2qEGcLeBY3VFQ31oXOS55fyIZ/view,https://www.skhu.ac.kr/studykorean/5671/subview.do
성균관대학교,univ,2027,2026,2027?,https://drive.google.com/file/d/127MIvWuKv0q8mxsAD2j2c12j-zC_b6or/view,https://drive.google.com/file/d/1Zs5__wwn2oDeqz3C3S1J8c41zxiixaJW/view,https://koreansli.skku.edu/ksli/index2.do
성신여자대학교,univ,2026,2026,2027?,https://drive.google.com/file/d/1OhT1j86Z-OwgrXFbP-6hi9qpubUyNC83/view,https://drive.google.com/file/d/1Y9kyefdSKsFAuW7QmzmsuBxBbfBOijlu/view,https://www.sungshin.ac.kr/siie_kor/20413/subview.do
세명대학교,univ,2026,2026,open(no yr text),https://drive.google.com/file/d/1tZn1jpNKJgij1003TwW2w8itnshYbD0K/view,https://drive.google.com/file/d/11i6KCb4NXnJMjQ-CCVnafDjjbTKQt8JR/view,https://www.semyung.ac.kr/smiie.do
세종대학교,univ,2026,2026,fail(0),https://drive.google.com/file/d/1guj7CE1tJzC-DagzoXprCO3x2J8mVwN6/view,https://drive.google.com/file/d/1ZZbN7xc19do8Sp3I7wYbJdwZK1lnoTnj/view,https://sos.sejong.ac.kr/kor/admission/koreaedu/index.do
세한대학교,univ,,,open(no yr text),,,https://www.sehan.ac.kr/sehan/271/subview.do
송원대학교,univ,,,open(no yr text),,,https://iec.songwon.ac.kr/
수원가톨릭대학교,univ,2027,,no-url,https://drive.google.com/file/d/1TQUKEDZmxAlm8VEkLsnhPzKNnxPnPCNM/view,,
수원대학교,univ,2026,2026,2027?,https://drive.google.com/file/d/15_uQYXXaT4GCTNnyEu4fl6YOA0xmSWqT/view,https://drive.google.com/file/d/1Pu04kVfgpQi3LxYeO8eMAM1R4s5SEBjU/view,https://koredu.suwon.ac.kr/
숙명여자대학교,univ,2026,2026,open(no yr text),https://drive.google.com/file/d/1d6ieBe8zj2V3N9jK76HUzYRO1wCAXKxH/view,https://drive.google.com/file/d/1UdZpJKh5x4VJWP-793rqIHABz3awUi9U/view,https://lingua.sookmyung.ac.kr/
순천향대학교,univ,2026,2026,open(no yr text),https://drive.google.com/file/d/1ESlZmB01VVTAy0hKCLZSUIOlppgSIPHu/view,https://drive.google.com/file/d/1NCnIz08oLdULvQ6if5K4Ty-D5KbKj_e2/view,https://sgee.sch.ac.kr/guide/guide03.php
숭실대학교,univ,2026,2026,open(no yr text),https://drive.google.com/file/d/1Yli-nSTha1wZt_EFTX0elqs8xm-C_BYa/view,https://drive.google.com/file/d/169mP0_d_6vpeOc6jEb2i_S1glUjLmEoD/view,https://language.ssu.ac.kr/
신경주대학교,univ,2026,,open(no yr text),https://drive.google.com/file/d/1G5SozN_A6gL21p8WySuq7tt95ljtUrcj/view,,http://korean.gu.ac.kr/
신라대학교,univ,,,open(no yr text),,,https://skli.silla.ac.kr/
신한대학교,univ,2026,,2027?,,,https://www.shinhan.ac.kr/kr/281/subview.do
아신대학교,univ,2026,,open(no yr text),https://drive.google.com/file/d/1wMaECgfpX4jyWtxJaM9HvW92oW0SJ97Z/view,,https://www.acts.ac.kr/design/contents10.asp?code=15151115&left=acts6_2
아주대학교,univ,2026,2026,open(no yr text),https://drive.google.com/file/d/1m1Mzg-xtx-1s7-ArMBD1b6MfqOgGQQJp/view,https://drive.google.com/file/d/1_gs1PT3v_B99X3qUyTy0U3U-0Kw4WV_i/view,http://www.ajou.ac.kr/iadmissions/korean/course.do
안양대학교,univ,2026,2026,no-url,https://drive.google.com/file/d/1kWe8HM6_TqwkYzehsptVY51uvzwOathQ/view,https://drive.google.com/file/d/1tf9CZwASQLzgIo1KQeFvDtWRpxwpXVc6/view,
연세대학교,univ,2027,2026,2027?,https://drive.google.com/file/d/1lge5cyJgikZdzIfJN-fBdd0AcOgXzrnD/view,https://drive.google.com/file/d/1oTKi4-iU1SL7Ly6d0IoBScFjjlTT7CWf/view,https://www.yskli.com/course.php?mid=K01_02
영남대학교,univ,2027,2026,open(no yr text),https://drive.google.com/file/d/1FGCoMSsX3KMgEfl_S0SQZvMt178pniwP/view,https://drive.google.com/file/d/1yaLFB85l_LzzkegR83bLrp6RFwLD9KZ5/view,https://www.yu.ac.kr/kli/index.do
영남신학대학교,univ,2027,,open(no yr text),https://drive.google.com/file/d/15ud_qViiDAiiTnRSHNQpTAhmGQJPFu8F/view,,http://langytus.tcubemnet.com/content/38
영산대학교,univ,2026,,open(no yr text),https://drive.google.com/file/d/1-Vk-TUIQB3D-WZH6ONPXo6B8gjgeQlEt/view,,https://klec.ysu.ac.kr/
영산선학대학교,univ,2026,,no-url,https://drive.google.com/file/d/1MTb4hKLsV_897ERqXTWRrNDsyzuqo8Ff/view,,
예수대학교,univ,2027,,no-url,https://drive.google.com/file/d/1SzzCTzEIyolEqrzNj8ikkkT7wwzyySeJ/view,,
예원예술대학교,univ,2026,,2027?,https://drive.google.com/file/d/1ONiyeYsgzimgd7J4SiP9pnyu4Ym-FP0_/view,,https://www.yewon.ac.kr/main/?menu=495
용인대학교,univ,2026,,open(no yr text),https://drive.google.com/file/d/1r-Dse5TRu9MxWtuoDojnkpew53ijhbOG/view,,https://language.yongin.ac.kr/
우석대학교,univ,2026,,no-url,https://drive.google.com/file/d/1W5PWPJpUK8lVhAOGZhMz5OhyLpmOsdh_/view,,
우송대학교,univ,2027,2026,fail(0),https://drive.google.com/file/d/15RRIP2qybRzwDzcPQk2gyhPaDpP9vfSV/view,https://drive.google.com/file/d/1GM-hjdMRXN6Amwgmiyhgq2PgYqObLtY-/view,https://wkli.wsu.ac.kr/
울산대학교,univ,2026,2026,open(no yr text),https://drive.google.com/file/d/1SBW2_LS2AmbsqXEHRcXlKpC0xDLOjFCK/view,https://drive.google.com/file/d/1-siT2ZDk2Ku-5IOGOimku5QmaEbiwVMd/view,https://international.ulsan.ac.kr/international/405
원광대학교,univ,2026,2026,2027?,https://drive.google.com/file/d/1HV5EUbEqbetWnJA60whnfB0IBS0fwMmD/view,https://drive.google.com/file/d/13-0xOtWSKILgBYV80HGaVeogcadfjeMJ/view,https://ipsi.wku.ac.kr/submenu.do?menuurl=8pYtphfeWm2Bb85hdKCTcQ%3D%3D&
위덕대학교,univ,,,open(no yr text),,,https://lang.uu.ac.kr/sub_5/index3.php
유원대학교,univ,2026,2026,open(no yr text),https://drive.google.com/file/d/1BoGHXBFebQ9IgI76OEznNzyTau8j2Ltc/view,https://drive.google.com/file/d/13dpa1enYwLZJiXll6JZdRPAoRs8lCpBQ/view,https://www.u1.ac.kr/global/education/greetings.do
을지대학교,univ,2027,2026,fail(302),https://drive.google.com/file/d/1oMJQEgyNNTEDcTkOyFVjha-jk_j6HOr5/view,https://drive.google.com/file/d/1v3ZubgRBMJUxbJ4KGjKQ1IpnFSFLJSzn/view,http://eulji.ac.kr/cile/
이화여자대학교,univ,2026,2026,open(no yr text),https://drive.google.com/file/d/1Kca_KxtMy2dGlbqMP14fxTEvSYcUOvP1/view,https://drive.google.com/file/d/1k6RMrUJxhCWrE0ZWU9BbUSgrhmiL99ST/view,https://elc.ewha.ac.kr/elc/main.do
인제대학교,univ,2027,2026,fail(0),https://drive.google.com/file/d/1if0EcSQlpAYb_tjwV8k9UVmF1Oq5CGlj/view,https://drive.google.com/file/d/1Htw1gW_ng3Okv6W0SW5ps_L0wPg9HqBj/view,https://korean.inje.ac.kr/
인천가톨릭대학교,univ,2026,,no-url,https://drive.google.com/file/d/1321E0VCU637TfZOrAjQq805JoDgU0450/view,,
인천대학교,univ,2026,2026,open(no yr text),https://drive.google.com/file/d/1E97ROSFnoZg1hR1efhBB1JX29OOX2RPI/view,https://drive.google.com/file/d/1s3BjOoFeZfKQOBp78EaM6byeN1eMuzdg/view,https://korean.inu.ac.kr/inukli/6853/subview.do
인하대학교,univ,2027,2026,open(no yr text),https://drive.google.com/file/d/1ghN_cuQ0VZpff5WchwT3HJpeXATdmPJA/view,https://drive.google.com/file/d/1jSg9U3p3D7xKIns8EyPZ6lfJJY_B9Hpi/view,https://ltc.inha.ac.kr/
장로회신학대학교,univ,2027,2026,fail(0),https://drive.google.com/file/d/14wBxTcVpuL-X093jI_enmqpRmK_tnnz_/view,https://drive.google.com/file/d/1aUziDoqmgICIYWUCVreWZvcRTH88IKSn/view,https://www.puts.ac.kr/pglc/
전남대학교,univ,2026,2026,open(no yr text),https://drive.google.com/file/d/1zQfiv0d-EXi5AHv5asjLEs6U_LqkAAoJ/view,https://drive.google.com/file/d/1jUo05idO8XXyFfg3zNcJGRybJTCXaJyW/view,https://leckor.jnu.ac.kr/
전북대학교,univ,2026,2026,open(no yr text),https://drive.google.com/file/d/1DlWJZlIS-2-i9nn4eYE2Gp3Df94q1s6v/view,https://drive.google.com/file/d/1grpqOxwz_BSJ9jn2DTtuSfZpPBzGEOED/view,https://top.jbnu.ac.kr/sites/lec_korean/index.do
전주대학교,univ,2026,2026,open(no yr text),https://drive.google.com/file/d/1zxMbdl3NJbHNJ4YHyCF253LDYbGmkGez/view,https://drive.google.com/file/d/1zEhJ-nbzLQB-diowT34v1heojwivnz_9/view,https://oia.jj.ac.kr/oia/kec/entrance.do
제주국제대학교,univ,2027,2026,fail(0),https://drive.google.com/file/d/1TCDb2f-K36zws28u6RVLSM_4kdks2-2_/view,https://drive.google.com/file/d/18cS5AJ2-V-AR4PpUVQ4B5qiHWYDHb7ZF/view,https://www.jeju.ac.kr/jejuie/korean.htm
제주대학교,univ,2027,2026,fail(0),https://drive.google.com/file/d/1mwhEpppRTnCuE72Mwwc8w69EXBsUxofc/view,https://drive.google.com/file/d/1G9RiLVFZtvHYxNzJ_2FXupuIF_WUcXOc/view,https://intl.jejunu.ac.kr/intl/koreanlanguage.htm
조선대학교,univ,2026,2026,open(no yr text),https://drive.google.com/file/d/1p4w6hpZZuOqH-6nrUB8WTanhFe-VGU5v/view,https://drive.google.com/file/d/1V3X_ck4L0V_GDVBNmHZLmmW7chZdN5X9/view,https://lei.chosun.ac.kr/
중부대학교,univ,2026,2026,2027?,https://drive.google.com/file/d/1ScbBy4s_3umbv9Xguoo48Amn_76Vzl_x/view,https://drive.google.com/file/d/1MMF1Q0aKPvtY7nNZboM3GGfmeq16AM41/view,https://www.joongbu.ac.kr/menu.es?mid=a10104050500
중앙대학교,univ,2027,2026,2027?,https://drive.google.com/file/d/1xfmfxQy9nnuq02T4XmgiA_hYrudFkVaV/view,https://drive.google.com/file/d/1EGvXl9yN_qGoNbYIdwuPjHR0lufi1ukS/view,https://korean.cau.ac.kr/korean/index.php
중앙승가대학교,univ,2026,,no-url,https://drive.google.com/file/d/1iLFy41ArAaDVBt5bO-CYgozZXNAOtqzt/view,,
중원대학교,univ,2027,,open(no yr text),https://drive.google.com/file/d/14PgyA3Q3RkuOV20VlSLwBjnSMZfXGWj-/view,,https://jwukorean.jwu.ac.kr/site/deptSiteView.jwu
차의과학대학교,univ,2026,,no-url,https://drive.google.com/file/d/150S26IYVt5JPwnnSP0llGwmiehzpwH9-/view,,
창신대학교,univ,2027,2026,fail(0),https://drive.google.com/file/d/1E0YA0hS0lGakX-_53NMQaKsN-CYlmiEn/view,https://drive.google.com/file/d/1WXUPFrwuq3CjCaZ38GjeUy2_4RBBRHQY/view,https://global.cs.ac.kr/
청운대학교,univ,2026,,no-url,https://drive.google.com/file/d/1S3O21P6DuAc-Ym6Rn9zZcQDdC__Fnv0q/view,,
청주대학교,univ,2027,2026,2027?,https://drive.google.com/file/d/1qEg3Djzkk3aw5pfGEabwxlyBbHzxGR1T/view,https://drive.google.com/file/d/1GJCpO3THC0a6JOafVBx9f8_uHYjZcH9n/view,https://www.cju.ac.kr/www/contents.do?key=6809&
초당대학교,univ,2026,2026,open(no yr text),https://drive.google.com/file/d/1pk9kWuII1WQObfJ_Xid89CCh45Wsigrk/view,https://drive.google.com/file/d/1pEDEiJN2dzJGcBuGNYHBnDtb6eMW_OM1/view,https://ilec.cdu.ac.kr/
총신대학교,univ,,,open(no yr text),,,https://iie.csu.ac.kr/
추계예술대학교,univ,,,open(no yr text),,,https://www.chugye.ac.kr/mbs/university/subview.jsp?id=university_150203000000
충남대학교,univ,2026,2026,open(no yr text),https://drive.google.com/file/d/1GD2MrwkaAzEzQuSYyRaPXv8X57ulN7RL/view,https://drive.google.com/file/d/1msqudBRZcVNNcf7KWX1yUJN5DwmFh0MN/view,https://dream.cnu.ac.kr/
충북대학교,univ,2026,2026,open(no yr text),https://drive.google.com/file/d/1wDWSN49cMkFQEgmnDuhsXhbQZGj9tiL_/view,https://drive.google.com/file/d/1MMf8j3vWP_VIQ-XNJCREC3bc9hx8Jw5E/view,https://oia.cbnu.ac.kr/language
칼빈대학교,univ,2027,,open(no yr text),https://drive.google.com/file/d/1DLlQ_-xOE7JBu7hhGsuZT_X5_3Q3kJjg/view,,https://calvininternational.co.kr/
평택대학교,univ,2027,2026,open(no yr text),https://drive.google.com/file/d/1b2UJugLthxtF57rHJ2PtP_6gZTvU_zNl/view,https://drive.google.com/file/d/1gW7fRSO1B1nbteLwje6oAa4B9EXpu_UA/view,https://global.ptu.ac.kr/global/6275/subview.do
포항공과대학교,univ,,,open(no yr text),,,https://picl.postech.ac.kr/
한경국립대학교,univ,2026,2026,open(no yr text),https://drive.google.com/file/d/1HiHUNNOOGjolrTcxonHIuFV4Im57b8vR/view,https://drive.google.com/file/d/1jA7JdpLrYjQX_x9sH2DL2EL6Ywnb360a/view,https://global.hknu.ac.kr/
한국공학대학교,univ,2026,2026,open(no yr text),https://drive.google.com/file/d/14ZAjzHE1E7_JIpI-UQUXKit1tK5VwoVu/view,https://drive.google.com/file/d/1FfI_GR_8q4Nuu53Ma_2iVlPg2Go4Y9s3/view,https://www.tukorea.ac.kr/sites/iec/index..do
한국성서대학교,univ,2026,,2027?,https://drive.google.com/file/d/1bgOdOumm4_2QNbRgOUDRndXuTbaCpfaj/view,,https://www.bible.ac.kr/ko/center/korean_greet
한국외국어대학교,univ,2026,2026,open(no yr text),https://drive.google.com/file/d/1uw4TYnEbTA137UtynsPjB6zvboaWFjd0/view,https://drive.google.com/file/d/1ZPwFYokBkvUFnroUMtNRuvQGqOZFc0hx/view,http://www.korean.ac.kr/
한국체육대학교,univ,2027,2026,no-url,https://drive.google.com/file/d/1wUXpIdXHVdIMAfUcE2mfV2LHQsj5JzZh/view,https://drive.google.com/file/d/1Cc_YD95uxjA3jTU9zN2uysFqelm0Uzl0/view,
한국침례신학대학교,univ,2027,,no-url,https://drive.google.com/file/d/1FmDpd1MBH4Sx6uxwHMquUtICKHHPrwOe/view,,
한국항공대학교,univ,2026,2026,open(no yr text),https://drive.google.com/file/d/1jp_6ai7mziUlmgzHTUvfZWCmszwAnA7Y/view,https://drive.google.com/file/d/1mKX2tkk5ak6CD-dqh9XqgPUVDc1OyE2J/view,http://college.kau.ac.kr/web/pages/gc74994h.do
한남대학교,univ,2026,2026,open(no yr text),https://drive.google.com/file/d/1e7CIgdq9R7GK89avDQQ3x4ezl7pk4Jvb/view,https://drive.google.com/file/d/1dK5CK2okxVzk9tYn8J788lHa5oarlqO3/view,http://cklks.hnu.kr/kor/admission/admission_01.html
한동대학교,univ,2027,,open(no yr text),https://drive.google.com/file/d/1zYzV_XZ43w1c3fOZusYe1rZClX4M41BA/view,,https://hgukorean.co.kr/
한림대학교,univ,2026,2026,open(no yr text),https://drive.google.com/file/d/1ip5XMhSxJmzYqFk6nkXuRcYSKIaNeM4B/view,https://drive.google.com/file/d/1okzAC3ZA-r7D-9-rhr9GjYQvbPl_a7xv/view,https://cge.hallym.ac.kr/sites/klec/index.do
한서대학교,univ,2027,,no-url,https://drive.google.com/file/d/1zcdvuGck2BTcxtevRjihjNf62ghOpFRw/view,,
한성대학교,univ,2026,2026,open(no yr text),https://drive.google.com/file/d/1YFLNV4OtqbaE--BhgbNaIWDKDG1-CmvV/view,https://drive.google.com/file/d/1dRkttYQ3t3pR1nTpkjIxuKCwkDCLWbcY/view,https://www.hansung.ac.kr/korean/index.do
한세대학교,univ,,,open(no yr text),,,http://www.hskli.com/
한신대학교,univ,,,2027?,,,https://www.hs.ac.kr/interedu/8209/subview.do
한양대학교,univ,2027,2026,open(no yr text),https://drive.google.com/file/d/1t3CaRw52armCzFt3HhTe2enpqFvOhETi/view,https://drive.google.com/file/d/1gH5IPqDrKdA3haZvouDrGrk5vW4RgCrS/view,https://iie.hanyang.ac.kr/
한일장신대학교,univ,2027,2026,no-url,https://drive.google.com/file/d/1ltnjPjKSleYuu9MWQZWm0Rqt30M3ncRz/view,https://drive.google.com/file/d/1eGZnIi0OcD7ztv778UF7tOXaUPov2uzK/view,
협성대학교,univ,2026,2026,2027?,https://drive.google.com/file/d/1oYKFunlyph_mG2GmJ5Nw3bwhUCmYVkRH/view,https://drive.google.com/file/d/1GHAYMOl8ih1VKTCuRmDA18dgpNlk-lRl/view,https://www.uhs.ac.kr/uhs/191/subview.do
호남대학교,univ,2026,2026,fail(0),https://drive.google.com/file/d/1kO0XT80CHeh8-wpFDI3na25aHB9tOOEi/view,https://drive.google.com/file/d/18T0WXh1X5GZpniQp_JTacMbbdj223cj8/view,https://global.honam.ac.kr/KoreanAdmissionGuide
호서대학교,univ,2026,,open(no yr text),https://drive.google.com/file/d/18kLf1_qx7UIHKu4rHmsXYW-JYU5I3RCN/view,,https://ieec.hoseo.ac.kr/CmsHome/sub_06.eznic
호원대학교,univ,2026,,open(no yr text),https://drive.google.com/file/d/1TmTNadajaPyy_aKRnGSm0w_MCiOURz1z/view,,https://iecenter.howon.kr/page/page14
홍익대학교,univ,,,open(no yr text),,,https://koreanle.hongik.ac.kr/
