school,type,BA,BA_url,MA,MA_url,lang,lang_url
가야대학교,univ,2027_adiga,adiga_2027 (downloaded),2026_or_older,https://ipsi.kaya.ac.kr/Home/BBSList.mbz?action=MAPP_0000000300,not_found,
가천대학교,univ,2027_adiga,adiga_2027 (downloaded),2026_or_older,https://www.gachon.ac.kr/bbs/kor/740/120007/artclView.do,2026_or_older,https://oia.gachon.ac.kr/international/a/m/klecInfo.do
가톨릭관동대학교,univ,2027_adiga,adiga_2027 (downloaded),not_found,https://www.cku.ac.kr/bbs/cku/414/92249/artclView.do,2026_or_older,http://www.cku.ac.kr/oia/5520/subview.do
가톨릭꽃동네대학교,univ,2027_own,https://www.kkot.ac.kr/ipsi/board/read?boardManagementNo=1143&boardNo=26172&searchCategory=&page=1&searchType=&searchWord=&menuLevel=&menuNo=,not_found,,not_found,
가톨릭대학교,univ,2027_own,https://ipsi.catholic.ac.kr/main.do,2026_or_older,https://gs.catholic.ac.kr/gs/admission/recruitment.do,2026_or_older,https://kli.catholic.ac.kr/kli/index.do
감리교신학대학교,univ,2027_adiga,adiga_2027 (downloaded),not_found,,not_found,
강남대학교,univ,2027_own,https://admission.kangnam.ac.kr/jeonhyung/yogang.htm?ctg_cd=overseas,2026_or_older,https://grd.kangnam.ac.kr/menu/board/info/adbd6cb9e1169e9579b9a8e266cd2bbc.do,not_found,
강서대학교,univ,2027_adiga,adiga_2027 (downloaded),2026_or_older,https://graduate.gangseo.ac.kr/kcug/homeService?menuCode=MC0204,not_found,
강원대학교,univ,2026_or_older,https://oiaknu.kangwon.ac.kr/oiaknu/admission/,2026_or_older,https://cms.kangwon.ac.kr/adgraduate/admission/notice.do?mode=view&articleNo=567148,unknown_year,https://oiaknu.kangwon.ac.kr/oiaknu/language/korean/guide-chuncheon01.do
건국대학교,univ,2027_own,https://admission.konkuk.ac.kr/admission/37899/subview.do,2026_or_older,https://www.konkuk.ac.kr/bbs/konkuk/237/1169866/artclView.do?layout,unknown_year,https://fli.konkuk.ac.kr/ko/regular/
건양대학교,univ,2027_adiga,adiga_2027 (downloaded),not_found,https://ipsi.konyang.ac.kr/prog/info/ipsi/sub03_01/foreigner/list.do,2026_or_older,https://interedu.konyang.ac.kr/interedu/sub05_03.do
경기대학교,univ,2027_own,https://enter.kyonggi.ac.kr/cms/FR_BBS_CON/BoardView.do?MENU_ID=280&CONTENTS_NO=3&SITE_NO=2&BOARD_SEQ=3&BBS_SEQ=4056,not_found,https://grad.kyonggi.ac.kr,2026_or_older,https://www.kyonggi.ac.kr/IOIE/contents.do?key=1494
경남대학교,univ,2027_adiga,adiga_2027 (downloaded),not_found,https://www.kyungnam.ac.kr/grad/966/subview.do,2026_or_older,https://www.kyungnam.ac.kr/international/6904/subview.do
경동대학교,univ,2027_adiga,adiga_2027 (downloaded),not_found,https://www.kduniv.ac.kr/iphak/CMS/Contents/Contents.do?mCode=MN040,not_found,
경북대학교,univ,2027_adiga,adiga_2027 (downloaded),2026_or_older,https://home.knu.ac.kr/HOME/graden,2026_or_older,https://lang.knu.ac.kr/hmpg/cms/subPage/MNU0080133.knu
경상국립대학교,univ,2027_own,https://www.gnu.ac.kr/new/cm/cntnts/cntntsView.do?mi=4969&cntntsId=2840,2026_or_older,https://www.gnu.ac.kr/graduate/main.do,2026_or_older,https://www.gnu.ac.kr/sle/cm/cntnts/cntntsView.do?mi=7764&cntntsId=4134
경성대학교,univ,2026_or_older,https://kscms.ks.ac.kr/ia/CMS/Contents/Contents.do?mCode=MN056,2026_or_older,https://kscms.ks.ac.kr/eng/CMS/Contents/Contents.do?mCode=MN066,unknown_year,https://kscms.ks.ac.kr/lec/CMS/Contents/Contents.do?mCode=MN070
경운대학교,univ,2026_or_older,https://www.ikw.ac.kr/ipsi/page/2441/4018.tc,not_found,https://www.ikw.ac.kr/page/5411/4371.tc,unknown_year,https://www.ikw.ac.kr/worldle/page/link.tc?mn=5711&pageSeq=4630
경일대학교,univ,2026_or_older,https://ibsi.kiu.ac.kr/admission/sub.htm?nav_code=ips1556602088,not_found,https://grad.kiu.ac.kr/,2026_or_older,https://www.kiu.ac.kr/HOME/exchange/sub.htm?nav_code=exc1573726652
경희대학교,univ,2027_adiga,adiga_2027 (downloaded),2026_or_older,https://iadmission.khu.ac.kr/gglobalcenter/user/contents/view.do?menuNo=8000048,2027_guide,https://iie.khu.ac.kr/bbs/content.php?co_id=OnCampus
계명대학교,univ,2027_adiga,adiga_2027 (downloaded),2026_or_older,https://gs.kmu.ac.kr/gs/8393/subview.do,2026_or_older,https://kintlcenter.kmu.ac.kr/sites/kintlcenter/index.do
고려대학교,univ,2027_adiga,adiga_2027 (downloaded),2027_guide,https://graduate.korea.ac.kr/matriculate/schedule.html,2026_or_older,https://klc.korea.ac.kr/
고신대학교,univ,2027_adiga,adiga_2027 (downloaded),not_found,https://www.kosin.ac.kr/dream/index.php?pCode=MN7000055&mode=view&idx=2786,2026_or_older,http://global.kosin.ac.kr/korean/
광신대학교,univ,2026_or_older,https://www.kwangshin.ac.kr/ipsi/index.do?menu_no=436,not_found,http://www.kwangshin.ac.kr/,not_found,
광운대학교,univ,2027_adiga,adiga_2027 (downloaded),2026_or_older,https://oia.kw.ac.kr/admission/graduate.php,2027_guide,https://kwiie.kw.ac.kr/regular/schedule.php
광주대학교,univ,2026_or_older,https://ie.gwangju.ac.kr/page/?site=gw_ie&mn=1421,2026_or_older,https://grad.gwangju.ac.kr/page/?site=grad&mn=1448,not_found,https://ie.gwangju.ac.kr/
광주여자대학교,univ,unknown_year,https://globalgate.kwu.ac.kr/mod/page/view.do?MID=GLOBALGATE_C05040101,unknown_year,https://graduate.kwu.ac.kr/,not_found,https://globalgate.kwu.ac.kr/
국립강릉원주대학교,univ,2026_or_older,https://global.kangwon.ac.kr/global/bbs/1423/detail.do?pstSn=1,2026_or_older,https://gradgn.kangwon.ac.kr/sites/grad/index.do,2026_or_older,https://kls.gwnu.ac.kr/application/
국립경국대학교,univ,2027_adiga,adiga_2027 (downloaded),2026_or_older,https://graduation.gknu.ac.kr/,not_found,https://ic.gknu.ac.kr/bbs/korean.php
국립공주대학교,univ,2027_own,https://ipsi.kongju.ac.kr/kor/article/ATCL7a488cf94/16001,2026_or_older,https://oia.kongju.ac.kr/admboard/4166,not_found,https://iile.kongju.ac.kr/
국립군산대학교,univ,2026_or_older,https://www.kunsan.ac.kr/inter/index.kunsan?menuCd=DOM_000013303001000000,2026_or_older,https://www.kunsan.ac.kr/inter/index.kunsan?menuCd=DOM_000013303002000000,not_found,https://www.kunsan.ac.kr/inter/
국립금오공과대학교,univ,2027_own,https://mobility.kumoh.ac.kr/ipsi/sub0502.do,2026_or_older,https://www.kumoh.ac.kr/cam/sub030103.do,2026_or_older,https://iplec.kumoh.ac.kr/iplec/sub06010102.do
국립목포대학교,univ,2026_or_older,https://oia.mokpo.ac.kr/bbs/iiee/338/278607/artclView.do,2026_or_older,https://oia.mokpo.ac.kr/bbs/iiee/338/278608/artclView.do,2026_or_older,https://oia.mokpo.ac.kr/bbs/iiee/155/280933/artclView.do
국립목포해양대학교,univ,2027_adiga,adiga_2027 (downloaded),2026_or_older,https://www.mmu.ac.kr/OA/board/136/1/read/88085,2026_or_older,https://www.mmu.ac.kr/OE/board/185
국립부경대학교,univ,2027_own,http://admission.pknu.ac.kr/,2027_guide,http://admission.pknu.ac.kr/,2026_or_older,http://admission.pknu.ac.kr/
국립순천대학교,univ,2027_own,https://ama.scnu.ac.kr/iphak/na/ntt/selectNttList.do?bbsId=2487,2026_or_older,https://www.scnu.ac.kr/ials/na/ntt/selectNttList.do?mi=2045&bbsId=1411,2026_or_older,https://www.scnu.ac.kr/ials/main.do
국립창원대학교,univ,2027_adiga,adiga_2027 (downloaded),2026_or_older,https://app.changwon.ac.kr/board/detail.do?midx=8&bno=2932&cateno=&postno=1349442&pageIndex=1,2026_or_older,https://www.changwon.ac.kr/international/cm/cntnts/cntntsView.do?mi=18689&cntntsId=6832
국립한국교통대학교,univ,2027_own,https://www.ut.ac.kr/cop/bbs/BBSMSTR_000000000661/selectBoardArticle.do?nttId=1122317,unknown_year,https://www.ut.ac.kr/dhw/sub03_02_01.do,unknown_year,https://www.ut.ac.kr/iec/sub04_05.do
국립한국해양대학교,univ,2027_own,https://www.kmou.ac.kr/ipsi/na/ntt/selectNttInfo.do?nttSn=10375147&mi=3298&currPage=1,not_found,https://www.kmou.ac.kr/ipsi/main.do,2026_or_older,https://www.kmou.ac.kr/global/cm/cntnts/cntntsView.do?mi=2702&cntntsId=2296
국립한밭대학교,univ,2026_or_older,https://www.hanbat.ac.kr/admission/sub04_010102.do,2026_or_older,https://www.hanbat.ac.kr/bbs/BBSMSTR_000000000476/view.do?nttId=B000000166489Ro2jC1u&mno=sub06_01,unknown_year,https://www.hanbat.ac.kr/global/sub05_01.do
국민대학교,univ,2027_own,https://admission.kookmin.ac.kr/foreigner/notice.php?ctype=view&s_key=&s_word=&page=0&no=1072,2026_or_older,https://iat.kookmin.ac.kr/admission/community/notice/656,unknown_year,https://iie.kookmin.ac.kr/
극동대학교,univ,2026_or_older,https://www.kdu.ac.kr/ipsi/sub.do?mncd=1354,not_found,,unknown_year,https://www.kdu.ac.kr/home/sub.do?mncd=2156
금강대학교,univ,2027_adiga,adiga_2027 (downloaded),unknown_year,https://www.ggu.ac.kr/graduate,not_found,https://www.ggu.ac.kr/sub0401/haksa/year/2027
김천대학교,univ,2026_or_older,https://ibhak.gimcheon.ac.kr/site/ibhak/html/sub5/0501.html,2026_or_older,https://acceptgrad.gimcheon.ac.kr/ipsi/ipsi00101.do,2026_or_older,https://gimcheon.ac.kr/site/english/html/sub3/0302.html
나사렛대학교,univ,2027_own,https://ipsi.kornu.ac.kr/bbs/ipsi/896/117082/artclView.do,not_found,,not_found,https://www.kornu.ac.kr/
남부대학교,univ,2027_own,https://ipsi.nambu.ac.kr/board/IPSI_BOARD_008/boardView.do?menuCd=ipsi005002&bdId=BD_00000000000109757,2026_or_older,https://global.nambu.ac.kr/board/GLOBAL_BOARD_0006/boardList.do?menuCd=dept_globa002003002,2026_or_older,https://global.nambu.ac.kr/content/view.do?menuCd=dept_globa002003
남서울대학교,univ,2026_or_older,https://www.nsu.ac.kr/?m1=page&menu_id=213,unknown_year,https://gr.nsu.ac.kr/kor/21/pdfViewer/CAT006,unknown_year,https://nice.nsu.ac.kr/?p=14
단국대학교,univ,2027_adiga,adiga_2027 (downloaded),2026_or_older,https://grad.dankook.ac.kr/-94,2027_guide,https://klc.dankook.ac.kr/-11
대구가톨릭대학교,univ,2026_or_older,https://ibsi.cu.ac.kr/kor/foreigner/doctrine/view.do,2026_or_older,https://graduate.cu.ac.kr/sub03/sub02.htm,2026_or_older,https://academics.cu.ac.kr/home/detail/etc/klei/
대구대학교,univ,2026_or_older,https://ipsi.daegu.ac.kr/kor/article/ATCL21/19932?mno=,2026_or_older,https://grad.daegu.ac.kr/,unknown_year,https://global.daegu.ac.kr/
대구예술대학교,univ,2026_or_older,https://ipsi.dgau.ac.kr/fore.php,not_found,https://ipsi.dgau.ac.kr/notice_fore,not_found,https://www.dgau.ac.kr/
대구한의대학교,univ,2026_or_older,https://www.dhu.ac.kr/admission/sub.htm?nav_code=ibs1636690765,2026_or_older,http://www.dhu.ac.kr/HOME/graduate/,2026_or_older,https://www.dhu.ac.kr/HOME/exchange/sub.htm?nav_code=exc1574837598
대신대학교,univ,2026_or_older,http://www.daeshin.ac.kr/html/02_admission/01_5.php,2026_or_older,https://www.daeshin.ac.kr/,2026_or_older,https://www.daeshin.ac.kr/html/03_edu/03_4_1.php
대전가톨릭대학교,univ,2027_adiga,adiga_2027 (downloaded),2026_or_older,https://www.dcatholic.ac.kr/univ/s2/graduate.php,not_found,https://dcatholic.ac.kr/
대전대학교,univ,2027_adiga,adiga_2027 (downloaded),2026_or_older,https://www.dju.ac.kr/gdhl/main.do,unknown_year,https://www.dju.ac.kr/intro/global/cntnts.html?mi=7425
대진대학교,univ,unknown_year,https://www.daejin.ac.kr/abroad/5220/subview.do,2026_or_older,https://www.daejin.ac.kr/abroad/5220/subview.do,2026_or_older,https://www.daejin.ac.kr/abroad/5220/subview.do
덕성여자대학교,univ,2027_adiga,adiga_2027 (downloaded),2026_or_older,https://graduate.duksung.ac.kr/,2026_or_older,https://dilc.ds.ac.kr/eng_kor/kor03.php
동국대학교,univ,2027_own,https://ipsi.dongguk.ac.kr/article/notice/detail/111277,2026_or_older,https://gs.dongguk.edu/,2026_or_older,https://interlang.dongguk.edu/index_kr.php
동덕여자대학교,univ,2027_own,https://ipsi.dongduk.ac.kr/ipsi/contents/info-list.do,2026_or_older,https://grad.dongduk.ac.kr/,2026_or_older,https://kli.dongduk.ac.kr/
동명대학교,univ,2026_or_older,https://www.tu.ac.kr/global/sub05_01.do?mode=view&articleNo=150106&title=2026%ED%95%99%EB%85%84%EB%8F%84+2%ED%95%99%EA%B8%B0+%ED%95%99%EB%B6%80%2C+%EB%8C%80%ED%95%99%EC%9B%90+%EC%99%B8%EA%B5%AD%EC%9D%B8%EC%9C%A0%ED%95%99%EC%83%9D+%ED%8A%B9%EB%B3%84%EC%A0%84%ED%98%95+%EB%AA%A8%EC%A7%91+%EC%95%88%EB%82%B4,2026_or_older,https://www.tu.ac.kr/gs/sub02_02.do,2026_or_older,https://www.tu.ac.kr/kli/index.do
동서대학교,univ,2026_or_older,https://uni.dongseo.ac.kr/iec/index.php?pCode=admission&mode=view&idx=106,2026_or_older,https://uni.dongseo.ac.kr/iec/index.php?pCode=admission,2026_or_older,https://uni.dongseo.ac.kr/iec/index.php?pCode=admission&mode=view&idx=748
동신대학교,univ,2027_adiga,adiga_2027 (downloaded),unknown_year,https://graduate.dsu.ac.kr/graduate/?pCode=notice,unknown_year,https://ie.dsu.ac.kr/ie/index.php?pCode=korprogram
동아대학교,univ,2026_or_older,https://ent.donga.ac.kr/admission/html/abroad/notice.asp,2026_or_older,http://donga.ac.kr/global/CMS/Board/Board.do?mCode=MN044,not_found,https://ent.donga.ac.kr/
동양대학교,univ,unknown_year,https://ipsi.dyu.ac.kr/,unknown_year,https://grad.dyu.ac.kr/,unknown_year,https://korean1.dyu.ac.kr/curriculum/dongducheon/
동의대학교,univ,2026_or_older,https://deuhome.deu.ac.kr/exchange/sub06_01_03.do,2026_or_older,https://www.deu.ac.kr/exchange/sub05_01.do,2026_or_older,https://deuhome.deu.ac.kr/language/sub08_01.do
루터대학교,univ,2027_adiga,adiga_2027 (downloaded),not_found,http://ltu-gradtheology.ac.kr/,not_found,http://ltu.ac.kr/rulebook/5-8-1.pdf
명지대학교,univ,2027_own,http://iphak.mju.ac.kr/pages/?p=20&b=B_1_1&cate=재외국민,2026_or_older,https://globaluniv.mycafe24.com/mju/brochure/gra_eng.pdf,2027_guide,https://klec.mju.ac.kr/application/application_01.php
목원대학교,univ,2027_adiga,adiga_2027 (downloaded),2026_or_older,https://www.mokwon.ac.kr/gs/,unknown_year,https://www.mokwon.ac.kr/klec/html/sub02/0201.html
목포가톨릭대학교,univ,unknown_year,http://www.mcu.ac.kr/ipsi/bb/bbBoard.php?action=view&pageID=ipsi0501000000&boardID=IPSI_NOTICE&SEQ=18743296,not_found,https://www.mcu.ac.kr/ipsi/,not_found,https://www.mcu.ac.kr/
배재대학교,univ,2027_adiga,adiga_2027 (downloaded),2026_or_older,https://dept.pcu.ac.kr/dept/inter/sub04/sub040102.jsp,unknown_year,https://dept.pcu.ac.kr/dept/eckfl/_kor/sub03/sub3_0101.jsp
백석대학교,univ,2027_own,https://ipsi.bu.ac.kr/files/ipsi/menu/202606/cf260dc1b95d338b195cc2184deb229e.pdf,2026_or_older,https://community.bu.ac.kr/graduateschool/6354/subview.do,unknown_year,https://www.bu.ac.kr/bulanguage/9415/subview.do
부산가톨릭대학교,univ,2026_or_older,https://ipsi.cup.ac.kr/cup/ipsi/front/pdfView075000000000000.do,2026_or_older,https://graduate.cup.ac.kr/organ/graduate/front/conts/103002000000000.do,unknown_year,https://text.cup.ac.kr/organ/ext/front/conts/106003001000000.do
부산대학교,univ,2027_own,https://okep.moe.go.kr/board/view.do?board_manager_seq=16&menu_seq=22&board_seq=26938,2027_guide,https://cdfs.pusan.ac.kr/bbs/cdfs/84/1453755/artclView.do,unknown_year,https://lei.pusan.ac.kr/
부산외국어대학교,univ,2027_own,https://enter.bufs.ac.kr/bbs/board.php?bo_table=download&wr_id=196&device=pc,2026_or_older,https://oiaglobal.bufs.ac.kr/graduate,2026_or_older,https://www.bufs.ac.kr/bbs/board.php?bo_table=klce_pm02
부산장신대학교,univ,2027_adiga,adiga_2027 (downloaded),not_found,https://ipsi.bpu.ac.kr/pages.aspx?id=13,not_found,https://www.bpu.ac.kr/Pages.aspx?id=142
삼육대학교,univ,2027_own,https://ipsi.syu.ac.kr/2016_syu/pages/index.asp?p=29&b=B_1_1&bn=66691&m=read&cate=재외국민,2026_or_older,https://www.syu.ac.kr/mba/admission-guide/foreign-admission-guide-2/,2026_or_older,https://www.syu.ac.kr/iie/korean-course/course-introduction/
상명대학교,univ,2027_own,https://admission.smu.ac.kr/_seoul/board/bbs.html?bbsid=seoul_notice&mode=view&ctg_cd=kumin&bltn_seq=61743,2026_or_older,https://www.smu.ac.kr/grad/admission/recruitschedule.do,2027_guide,https://cklc.smu.ac.kr/international/curriculum/regular.do
상지대학교,univ,2026_or_older,https://www.sangji.ac.kr/prog/pdfDetail/Ka97152a8010Gq9dD8cj/view.do?detailNo=45946,unknown_year,https://www.sangji.ac.kr/gradgo/sub01_02.do,unknown_year,https://www.sangji.ac.kr/global/sub03_02.do
서강대학교,univ,2027_own,https://admission.sogang.ac.kr/upload/BBS0014/20260709133954H8KFV4.PDF,2026_or_older,https://gradsch.sogang.ac.kr/gradsch/gradsch03_3_1.html,2026_or_older,https://klec.sogang.ac.kr/?url=/dep_02/2211.php
서경대학교,univ,2027_own,https://go.skuniv.ac.kr/index.php?mid=notice&parent_srl=198&category=168497&document_srl=226872,2026_or_older,https://grad.skuniv.ac.kr/index.php?mid=admission_archives&document_srl=25789,2026_or_older,https://lcec.skuniv.ac.kr/8058
서울과학기술대학교,univ,2027_own,https://okep.moe.go.kr/board/view.do?board_manager_seq=16&menu_seq=22&board_seq=26945,2026_or_older,https://admission.seoultech.ac.kr/cms/FR_CON/index.do?MENU_ID=890,2026_or_older,https://klc.seoultech.ac.kr/course/guide
서울교육대학교,univ,2027_own,https://okep.moe.go.kr/board/view.do?board_manager_seq=16&menu_seq=22&board_seq=26946,2026_or_older,https://snue.ac.kr/grad/na/ntt/selectNttList.do?mi=3578&bbsId=4139,2026_or_older,https://language.snue.ac.kr/
서울기독대학교,univ,unknown_year,,not_found,https://www.scu.ac.kr/,not_found,
서울대학교,univ,2027_adiga,adiga_2027 (downloaded),2027_guide,https://admission.snu.ac.kr/international/notice?md=v&bbsidx=170609,2026_or_older,https://lei.snu.ac.kr/mobile/kr/klec/regular/regular.jsp
서울시립대학교,univ,2027_own,https://file.uos.ac.kr/upload/admission/2027%ED%95%99%EB%85%84%EB%8F%84%20%EC%88%98%EC%8B%9C%EB%AA%A8%EC%A7%91%20%EC%8B%A0%EC%9E%85%EC%83%9D%20%EB%AA%A8%EC%A7%91%EC%9A%94%EA%B0%95%20.pdf,2027_guide,https://oia.uos.ac.kr/oia/web/contents/OIA_Admission_01,2027_guide,https://klcp.uos.ac.kr/klcp/korNotice/view.do?list_id=KK01&seq=34&sort=4&menuid=2200005001000000000
서울신학대학교,univ,2026_or_older,https://www.stu.ac.kr/,2026_or_older,https://www.stu.ac.kr/,unknown_year,https://klei.stu.ac.kr/
서울여자대학교,univ,2027_adiga,adiga_2027 (downloaded),2026_or_older,https://www.swu.ac.kr/grd/1116/subview.do,2027_guide,https://klc.swu.ac.kr/skin/page/info01.html
서울장신대학교,univ,2026_or_older,https://www.sjs.ac.kr/ht_ml/w_01ed/1321_i1.php,2026_or_older,https://www.sjs.ac.kr/admission/w_05ed/5000.php,not_found,
서울한영대학교,univ,2026_or_older,https://ipsi.shyu.ac.kr/fro_end/html/dep_04/4000.php,2026_or_older,https://grad.shyu.ac.kr/fro_end/html/dep_03/3200.php,2026_or_older,https://ili.shyu.ac.kr/fro_end/html/dep_04/4000.php
서원대학교,univ,2026_or_older,https://www.seowon.ac.kr/iphak/1137/subview.do,2026_or_older,https://www.seowon.ac.kr/bbs/seowon/44/90870/artclView.do,2027_guide,https://www.seowon.ac.kr/kli/4092/subview.do
선문대학교,univ,2027_adiga,adiga_2027 (downloaded),2026_or_older,https://graduate.sunmoon.ac.kr/graduate/na/ntt/selectNttInfo.do?nttSn=1318476&bbsId=5249&mi=46007,2026_or_older,https://kli.sunmoon.ac.kr/new/
성결대학교,univ,2026_or_older,https://www.sungkyul.ac.kr/global/10073/subview.do,2026_or_older,https://www.sungkyul.ac.kr/bbs/skukr/94/43238/artclView.do,2026_or_older,https://fims.sungkyul.ac.kr/application/
성공회대학교,univ,2027_own,https://okep.moe.go.kr/board/view.do?board_manager_seq=16&menu_seq=22&board_seq=27029,2027_guide,https://www.skhu.ac.kr/bbs/skhu/109/60019/artclView.do,unknown_year,https://www.skhu.ac.kr/studykorean/5671/subview.do
성균관대학교,univ,2027_adiga,adiga_2027 (downloaded),2027_guide,https://admission-global.skku.edu/eng/etc/bbs_list.html?bbsid=global_notice_re_eng&ctg_cd=Graduate&page=1&skey=&keyword=&mode=view&bltn_seq=53803,2026_or_older,https://koreansli.skku.edu/ksli/process/regular_sw.do
성신여자대학교,univ,2027_own,https://ipsi.sungshin.ac.kr/guide/dataroom.htm?bbsid=notice&ctg_cd=all&mode=view&bltn_seq=35975,2026_or_older,https://www.sungshin.ac.kr/main_kor/17317/subview.do,unknown_year,https://www.sungshin.ac.kr/siie_kor/20413/subview.do
세명대학교,univ,2026_or_older,https://www.semyung.ac.kr/prog/info/ipsi/sub04_01/MJ04/list.do,2026_or_older,https://www.semyung.ac.kr/cop/bbs/BBSMSTR_000000000309/selectBoardArticle.do?nttId=470016,unknown_year,https://www.semyung.ac.kr/smiie.do
세종대학교,univ,2027_own,http://ipsi.sejong.ac.kr/ipsi/assistant/notice.do?mode=view&articleNo=2645&title=2027%ED%95%99%EB%85%84%EB%8F%84+%EC%9E%AC%EC%99%B8%EA%B5%AD%EB%AF%BC%EA%B3%BC+%EC%99%B8%EA%B5%AD%EC%9D%B8%EC%A0%84%ED%98%95+%EB%AA%A8%EC%A7%91%EC%9A%94%EA%B0%95+%EA%B3%B5%EC%A7%80,2026_or_older,https://graduate.sejong.ac.kr/graduate/admission/GSAG01_01.do,2027_guide,https://en.sejong.ac.kr/cms/etcResourceDown.do?key=$cms$BQUQcg4glAyiBSB5SB9AqmAkgNRAJRkwBUBNFOJVAGQEFI0aIQUBhcI-FGgEQFlMYhZCghpM3ZgCYADJIBs0gIwBmaQDoADgBMAZkA&site=$cms$KYOw5kA
세한대학교,univ,unknown_year,https://apply.sehan.ac.kr/apply/,unknown_year,https://house.sehan.ac.kr/grad/comm/notiList.do,unknown_year,https://www.sehan.ac.kr/sehan/271/subview.do
송원대학교,univ,2026_or_older,https://iec.songwon.ac.kr/,2026_or_older,https://graduate.songwon.ac.kr/,2026_or_older,https://iec.songwon.ac.kr/
수원가톨릭대학교,univ,2027_adiga,adiga_2027 (downloaded),not_found,https://www.suwoncatholic.ac.kr/,not_found,
수원대학교,univ,2027_own,https://ipsi.suwon.ac.kr/board/notice,not_found,https://www.suwon.ac.kr/index.html?menuno=1387,2026_or_older,https://koredu.suwon.ac.kr/
숙명여자대학교,univ,2027_adiga,adiga_2027 (downloaded),2027_guide,https://gs.sookmyung.ac.kr/gs/2141/subview.do,2026_or_older,https://lingua.sookmyung.ac.kr/
순천향대학교,univ,2026_or_older,https://sgee.sch.ac.kr/guide/guide01.php,2026_or_older,https://gradu.sch.ac.kr/boards/chk_view/sub03_04/47/20/,2026_or_older,https://sgee.sch.ac.kr/main/kor_main.php
숭실대학교,univ,2027_own,https://iphak.ssu.ac.kr/mojip/req.asp?flag=4&page_no=1_5_2,2026_or_older,https://grad.ssu.ac.kr/%EC%A0%95%EB%B3%B4%EA%B4%91%EC%9E%A5/%EA%B3%B5%EC%A7%80%EC%82%AC%ED%95%AD/,2026_or_older,https://language.ssu.ac.kr/app/html/dep_04/4100.php
신경주대학교,univ,2026_or_older,https://sgu.ac.kr/ko/admission/global_notices.php,2026_or_older,https://graduate.sgu.ac.kr/ko/main.php,not_found,
신라대학교,univ,2026_or_older,https://global.silla.ac.kr/global/index.php?pCode=admission09,unknown_year,https://www.silla.ac.kr/ko/index.php?pCode,2026_or_older,https://skli.silla.ac.kr/klec/
신한대학교,univ,2027_own,https://ipsi.shinhan.ac.kr/adm/info.do?cateId=3&bbsId=BBSMSTR_000000000054&relateImagePath=svis_3,2026_or_older,https://www.shinhan.ac.kr/bbs/graduate/749/119953/artclView.do,2027_guide,https://www.shinhan.ac.kr/kr/178/subview.do
아신대학교,univ,2027_own,https://www.acts.ac.kr/modules/board/bd_view.asp?no=1243&id=univ_admission&ca_no=5&left=fore1,2026_or_older,https://grad.acts.ac.kr/,not_found,https://www.acts.ac.kr/design/contents10.asp?code=15151115&left=acts6_2
아주대학교,univ,2027_own,https://www.iajou.ac.kr/notice/view.php?bn=78497&m_type=ALL,2026_or_older,https://www.ajou.ac.kr/gs/admission/guide-download.do,2026_or_older,https://www.ajou.ac.kr/iadmissions/korean/course.do
안양대학교,univ,2027_own,https://enter.anyang.ac.kr/10000025,2026_or_older,https://www.anyang.ac.kr/grad/index.do,not_found,
연세대학교,univ,2027_adiga,adiga_2027 (downloaded),2027_guide,https://graduate.yonsei.ac.kr/graduate/admission/forein_schedule.do,2026_or_older,https://www.yskli.com/course.php?mid=K01_02
영남대학교,univ,2027_adiga,adiga_2027 (downloaded),2026_or_older,https://engraduate.yu.ac.kr/engraduate/main.do,2026_or_older,https://www.yu.ac.kr/kli/index.do
영남신학대학교,univ,2027_adiga,adiga_2027 (downloaded),2026_or_older,https://entra.ytus.ac.kr,unknown_year,http://langytus.tcubemnet.com/content/38
영산대학교,univ,unknown_year,https://www.ysu.ac.kr/ipsi/,2026_or_older,https://gra.ysu.ac.kr/gra/CMS/Board/Board.do?mCode=MN063,2026_or_older,https://klec.ysu.ac.kr/klec/CMS/Board/Board.do?mCode=MN038
영산선학대학교,univ,not_found,https://youngsan.ac.kr/bbs/content.php?co_id=2_1_1,not_found,http://youngsan.ac.kr/,not_found,
예수대학교,univ,2027_adiga,adiga_2027 (downloaded),not_found,https://www.jesus.ac.kr/enter/?menu=188,not_found,
예원예술대학교,univ,unknown_year,https://admission.yewon.ac.kr/main/?menu=314,not_found,https://admission.yewon.ac.kr/main/?menu=334,2026_or_older,https://international.yewon.ac.kr/main/?menu=56
용인대학교,univ,2027_own,https://ipsi.yongin.ac.kr/foreign/overseas_susi.do,unknown_year,https://www.yongin.ac.kr/cmn/sym/mnu/mpm/605020000/htmlMenuView.do,2026_or_older,https://www.yongin.ac.kr/cmn/sym/mnu/mpm/602010000/htmlMenuView.do
우석대학교,univ,unknown_year,https://enter.woosuk.ac.kr/main/,unknown_year,http://grad.woosuk.ac.kr/main/,unknown_year,https://woosuk.ac.kr
우송대학교,univ,2027_adiga,adiga_2027 (downloaded),2026_or_older,https://www.wsu.ac.kr/page/index.jsp?code=college0202a,2027_guide,https://wkli.wsu.ac.kr/story/page/index.jsp?code=wkli020101a
울산대학교,univ,unknown_year,https://iphak.ulsan.ac.kr/main,2026_or_older,https://grad.ulsan.ac.kr/grad/3334,2026_or_older,https://international.ulsan.ac.kr/international/406?action=view&no=276523
원광대학교,univ,unknown_year,https://ipsi.wku.ac.kr/main.do,2026_or_older,https://wgs.wku.ac.kr/?page_id=297,2026_or_older,https://kocult.wku.ac.kr/?page_id=78
위덕대학교,univ,2026_or_older,https://ipsi.uu.ac.kr/pdf/0108.pdf,unknown_year,https://grad.uu.ac.kr/enter/enter_body2_20190531.asp,error,https://lang.uu.ac.kr/sub_5/index3.php
유원대학교,univ,2026_or_older,https://www.u1.ac.kr/global/admissions/recruitment.do,2026_or_older,https://graduate.u1.ac.kr/graduate/community/notice.do,2026_or_older,https://www.u1.ac.kr/global/admissions/admissons.do
을지대학교,univ,2027_adiga,adiga_2027 (downloaded),unknown_year,https://admission.eulji.ac.kr/index.html?menuno=2750&bbsno=73316&boardno=545&siteno=195&act=view,error,http://eulji.ac.kr/cile/
이화여자대학교,univ,2027_own,https://admission.ewha.ac.kr/admission/html/main/intro.asp,2027_guide,https://isa.ewha.ac.kr/oisa/1441/subview.do,2026_or_older,https://elc.ewha.ac.kr/elc/main.do
인제대학교,univ,2027_adiga,adiga_2027 (downloaded),2026_or_older,https://cms.inje.ac.kr/graduate/community/notice.do,2027_guide,http://korean.inje.ac.kr/M02/M02_S01.php
인천가톨릭대학교,univ,2026_or_older,https://shin.iccu.ac.kr/bbs/bbs.php?boIdx=353&code=notice&ct=%ED%95%99%EC%82%AC&mode=v&SEARCH_COND=&SEARCH_WORD=,not_found,https://shin.iccu.ac.kr/bbs/bbs.php?boIdx=353&code=notice&ct=%ED%95%99%EC%82%AC&mode=v,not_found,https://www.iccu.ac.kr
인천대학교,univ,2027_own,https://admission.inu.ac.kr/submenu.do?menuurl=OugLlhPCudzQcX0qRXyEuQ%3d%3d&searchNo=&searchtext=%EC%9E%AC%EC%99%B8%EA%B5%AD%EB%AF%BC&boardid=9&categoryid=0&content_type=&pageNo=1,2026_or_older,https://www.inu.ac.kr/bbs/grad/1351/artclList.do,2026_or_older,https://www.inu.ac.kr/inukli/6840/subview.do
인하대학교,univ,2027_adiga,adiga_2027 (downloaded),2027_guide,https://internationalcenter.inha.ac.kr/bbs/internationalcenter/2491/183503/artclView.do,error,https://ltc.inha.ac.kr/
장로회신학대학교,univ,2027_adiga,adiga_2027 (downloaded),2027_guide,https://www.puts.ac.kr/main/iphak_annae_dw/2027/jeon_ilban_sinhak_seok_park.pdf,2026_or_older,https://www.puts.ac.kr/pglc/
전남대학교,univ,not_found,https://admission.jnu.ac.kr/WebApp/web/HOM/COM/Board/board.aspx?boardID=393&bbsMode=view&cate=1567&key=1796,2027_guide,https://international.jnu.ac.kr/Admission/Graduate,2027_guide,https://leckor.jnu.ac.kr/kr/SubPage.aspx?PageCode=020104
전북대학교,univ,2027_own,https://english.jbnu.ac.kr/bbs/english_/5744/393966/artclView.do,2026_or_older,https://ioffice.jbnu.ac.kr/ioffice/31621/subview.do,2026_or_older,https://top.jbnu.ac.kr/sites/lec_korean/index.do
전주대학교,univ,2027_own,https://iphak.jj.ac.kr/iphak/international/resources.do?mode=view&articleNo=523485&title=2027%ED%95%99%EB%85%84%EB%8F%84+%EC%9E%AC%EC%99%B8%EA%B5%AD%EB%AF%BC+%EB%AA%A8%EC%A7%91%EC%9A%94%EA%B0%95+%EA%B3%B5%EC%A7%80,2026_or_older,https://graduate.jj.ac.kr/graduate/apply/guidelinesf.do,2026_or_older,https://oia.jj.ac.kr/oia/kec/entrance.do
제주국제대학교,univ,2027_adiga,adiga_2027 (downloaded),2026_or_older,https://grad.jeju.ac.kr/grad/entrance/recruit.htm,not_found,https://www.jeju.ac.kr/jejuie/korean.htm
제주대학교,univ,2027_adiga,adiga_2027 (downloaded),2026_or_older,https://intl.jejunu.ac.kr/intl/admission/graduateschool.htm,unknown_year,https://intl.jejunu.ac.kr/intl/koreanlanguage.htm
조선대학교,univ,2026_or_older,https://www3.chosun.ac.kr/bbs/global/424/276714/artclView.do,2026_or_older,https://global.chosun.ac.kr/bbs/global/425/276679/artclView.do,2026_or_older,https://lei.chosun.ac.kr/lei/6061/subview.do
중부대학교,univ,unknown_year,https://www.joongbu.ac.kr/menu.es?mid=a60500000000,2026_or_older,https://www.joongbu.ac.kr/board.es?mid=a70108010300&bid=0529,2026_or_older,https://www.joongbu.ac.kr/menu.es?mid=a10104050500
중앙대학교,univ,2027_adiga,adiga_2027 (downloaded),2026_or_older,https://oias.cau.ac.kr/cauoie/grad/notice.do,2026_or_older,https://korean.cau.ac.kr/korean/course.php?mid=m02_01_01
중앙승가대학교,univ,2026_or_older,https://admission.sangha.ac.kr/SANGHA/?ACT=BOARD_FAQ&MODE=VIEW&IDX=1241,2026_or_older,https://admission.sangha.ac.kr/GRADUATE/?ACT=ADMISSION_GRADUATE,not_found,
중원대학교,univ,2027_adiga,adiga_2027 (downloaded),unknown_year,http://intl.jwu.ac.kr,2026_or_older,https://jwukorean.jwu.ac.kr/site/deptSiteView.jwu
차의과학대학교,univ,2027_own,https://admission.cha.ac.kr/%EC%9E%AC%EC%99%B8%EA%B5%AD%EB%AF%BC-%EC%99%B8%EA%B5%AD%EC%9D%B8/%EC%9E%AC%EC%99%B8%EA%B5%AD%EB%AF%BC-%EA%B3%B5%EC%A7%80%EC%82%AC%ED%95%AD/?uid=3310&mod=document&pageid=1,not_found,https://cha.ac.kr,not_found,
창신대학교,univ,2027_adiga,adiga_2027 (downloaded),2026_or_older,https://grad.cs.ac.kr/board/163/view?boardId=99,2026_or_older,https://global.cs.ac.kr/
청운대학교,univ,2027_own,https://enter.chungwoon.ac.kr/enter/selectBbsNttView.do?bbsNo=4&key=128&nttNo=731542,unknown_year,https://home.chungwoon.ac.kr/intro/index.do,not_found,
청주대학교,univ,2027_adiga,adiga_2027 (downloaded),2026_or_older,https://www.cju.ac.kr/ggrad/selectBbsNttView.do?bbsNo=142&nttNo=145832,unknown_year,https://www.cju.ac.kr/intl/contents.do?key=503
초당대학교,univ,unknown_year,https://admission.cdu.ac.kr/,2026_or_older,https://graduate.cdu.ac.kr/,2026_or_older,https://ilec.cdu.ac.kr/
총신대학교,univ,unknown_year,https://iie.csu.ac.kr/,unknown_year,https://cstsent.csu.ac.kr/,2026_or_older,https://iie.csu.ac.kr/
추계예술대학교,univ,unknown_year,https://enter.chugye.ac.kr/,2026_or_older,https://www.chugye.ac.kr/mbs/grad/,2026_or_older,https://www.chugye.ac.kr/mbs/university/subview.jsp?id=university_150203000000
충남대학교,univ,2027_own,https://ipsi.cnu.ac.kr/,2027_guide,http://osaka-koredu.or.kr/bbs/board.php?bo_table=consult&wr_id=77&page=1,2026_or_older,https://dream.cnu.ac.kr/contents/kor_01.php
충북대학교,univ,unknown_year,https://ipsi.chungbuk.ac.kr/kor.do,2026_or_older,https://ipsi.chungbuk.ac.kr/gra.do,2026_or_older,https://oia.cbnu.ac.kr/language/sub.do?menukey=7802
칼빈대학교,univ,2027_adiga,adiga_2027 (downloaded),unknown_year,https://calvininternational.co.kr/,2026_or_older,https://calvininternational.co.kr/
평택대학교,univ,2027_adiga,adiga_2027 (downloaded),2026_or_older,https://graduate.ptu.ac.kr/graduate/3443/subview.do,unknown_year,https://global.ptu.ac.kr/global/6275/subview.do
포항공과대학교,univ,2027_own,https://adm-iu.postech.ac.kr/user/admission/guide/international.do,2027_guide,https://adm-g.postech.ac.kr/,2026_or_older,https://picl.postech.ac.kr/picl/index.do
한경국립대학교,univ,2027_adiga,adiga_2027 (downloaded),2026_or_older,http://ipsi.hknu.kr/help/notice_list.php,2026_or_older,https://global.hknu.ac.kr/trainingProgram.html
한국공학대학교,univ,unknown_year,https://iphak.tukorea.ac.kr/,2026_or_older,https://www.tukorea.ac.kr/graduate/9371/subview.do,2026_or_older,https://www.tukorea.ac.kr/iec/7781/subview.do
한국성서대학교,univ,2027_own,https://ipsi.bible.ac.kr/file/oversea_korean_2027.pdf,unknown_year,https://grad.bible.ac.kr/ko/start/entrance,2027_guide,https://www.bible.ac.kr/ko/center/korean_greet
한국외국어대학교,univ,2027_own,https://international.hufs.ac.kr/sites/international/contents/files/2027spring/HUFS_2027-1_Admission_guide(KOR).pdf,2027_guide,https://dep.hufs.ac.kr/gsit/7397/subview.do,2026_or_older,https://dep.hufs.ac.kr/hufskorean/13767/subview.do
한국체육대학교,univ,2027_adiga,adiga_2027 (downloaded),unknown_year,https://www.knsu.ac.kr/graduipsi/index.do,not_found,
한국침례신학대학교,univ,2027_adiga,adiga_2027 (downloaded),not_found,https://www.kbtus.ac.kr/,not_found,
한국항공대학교,univ,2027_own,https://ibhak.kau.ac.kr/admission/html/abroad/guide.asp,2026_or_older,https://grad.kau.ac.kr/admission/guide_f.php,2026_or_older,http://college.kau.ac.kr/web/pages/gc74994h.do
한남대학교,univ,2026_or_older,https://ibsi.hannam.ac.kr/adms5/foreigner/4_1.asp,unknown_year,https://gra.hannam.ac.kr/,2026_or_older,https://cklks.hnu.kr/kor/main/index.html
한동대학교,univ,2027_adiga,adiga_2027 (downloaded),unknown_year,https://www.handong.edu/kor/admission/gradschool/special_06/,error,https://hgukorean.co.kr/
한림대학교,univ,2027_own,https://admission.hallym.ac.kr/bbs/admission/957/386178/artclView.do,unknown_year,https://www.hallym.ac.kr/grad/3621/subview.do,unknown_year,https://cge.hallym.ac.kr/sites/klec/index.do
한서대학교,univ,2027_adiga,adiga_2027 (downloaded),unknown_year,https://helper.hanseo.ac.kr/html/kr/sub1/sub1_0101.html,unknown_year,https://www.hanseo.ac.kr/sub/info.do?page=01050207&m=010502&s=hs
한성대학교,univ,2026_or_older,https://www.hansung.ac.kr/hansung/6209/subview.do,2026_or_older,https://hansung.ac.kr/gshansung/3430/subview.do,2026_or_older,https://www.hansung.ac.kr/korean/index.do
한세대학교,univ,2026_or_older,http://hsiec.hansei.ac.kr/,unknown_year,http://hsiec.hansei.ac.kr/sub03/sub03_1.html,unknown_year,http://www.hskli.com/sub02/sub02_2.html
한신대학교,univ,2026_or_older,https://www.hs.ac.kr/bbs/interedu/1395/61315/download.do,2026_or_older,https://www.hs.ac.kr/grad_gyeonggi/12983/subview.do,2027_guide,https://www.hs.ac.kr/bbs/interedu/1470/152523/artclView.do
한양대학교,univ,2027_adiga,adiga_2027 (downloaded),2027_guide,https://civil.hanyang.ac.kr/bbs/board.php?bo_table=sub6_1&wr_id=346,2026_or_older,https://iie.hanyang.ac.kr/front/regular/introduce/schedule
한일장신대학교,univ,2027_adiga,adiga_2027 (downloaded),unknown_year,https://www.hanil.ac.kr/portal/ipsi/main/main.do,not_found,
협성대학교,univ,2026_or_older,https://www.uhs.ac.kr/portalBbs/uhs/4/59002/view.do?layout,2026_or_older,https://www.uhs.ac.kr/portalBbs/uhs/4/59002/view.do,unknown_year,https://www.uhs.ac.kr/uhs/191/subview.do
호남대학교,univ,2026_or_older,https://enter.honam.ac.kr/foreignerPDF,2026_or_older,https://graduate.honam.ac.kr/attach/pdfgraduate/20251111092550VRjmouFGFP7LJEWvZiR9.pdf,2026_or_older,https://global.honam.ac.kr/KoreanAdmissionGuide
호서대학교,univ,2026_or_older,https://ipsi.hoseo.ac.kr/submenu.do?menuurl=DgiYv19qOmenudTJ2AKY2A%3D%3D&,2026_or_older,https://gradgate.hoseo.ac.kr/Home/Contents.mbz?action=MAPP_2512152780,unknown_year,https://ieec.hoseo.ac.kr/CmsHome/sub_06.eznic
호원대학교,univ,2026_or_older,https://iecenter.howon.kr/page/page4,not_found,https://iecenter.howon.kr/page/page4,unknown_year,https://iecenter.howon.kr/page/page14
홍익대학교,univ,unknown_year,https://www.hongik.ac.kr/kr/admission/undergraduate-admission.do,2026_or_older,https://www.hongik.ac.kr/en/admissions/apply.do,2027_guide,https://koreanle.hongik.ac.kr:4433/new/education/education_eng_01.php?sMenu=kor21
