school,region,rank,n_majors,majors,tuition_min,tuition_max,guide_status,guide_url,lang_req
서울대학교,서울특별시,1,59,"미술경영전공, 미술교육전공, 음악교육전공, 건축학과, 건축학전공, 아동가족학과 외 53개",3109000,,unknown,,한국어트랙 TOPIK 3~4 / 영어트랙 IELTS 5.5~6.5 (학과별 상이)
연세대학교,서울특별시,2,60,"함(음악학과, 음악학과, 자(학과, 등(학과, 한국어학과, 통계데이터사이언스학과 외 54개",5169000,,unknown,,한국어트랙 TOPIK 3~4 / 영어트랙 IELTS 5.5~6.5 (학과별 상이)
고려대학교,서울특별시,4,11,"경영학과, 의과학과, 의료정보학과, 스마트보안학부, 정보보안학과, 한국어학과 외 5개",,,unknown,,한국어트랙 TOPIK 3~4 / 영어트랙 IELTS 5.5~6.5 (학과별 상이)
성균관대학교,서울특별시,5,57,"화학공학부, 신소재공학부, 기계공학부, 나노공학과, 융합전공, 연기예술학과 외 51개",,,unknown,,한국어트랙 TOPIK 3~4 / 영어트랙 IELTS 5.5~6.5 (학과별 상이)
경희대학교,서울특별시,6,46,"융합과학기술학과, 컨벤션전시경영전공, 전시컨벤션경영전공, 영상의학과, 핵의학과, 한국어학과 외 40개",,,2026_or_older,https://iadmission.khu.ac.kr/gglobalcenter/user/contents/view.do?menuNo=8000048,한국어트랙 TOPIK 3~4 / 영어트랙 IELTS 5.5~6.5 (학과별 상이)
이화여자대학교,서울특별시,6,60,"권장함학부, 음악대학조형예술대학체육과학부융합콘텐츠학과, 미디어디자인전공, 학과학부, 국제학부, 국어국문학과 외 54개",6350000,,unknown,,한국어트랙 TOPIK 3~4 / 영어트랙 IELTS 5.5~6.5 (학과별 상이)
건국대학교,서울특별시,8,13,"세부전공, 에너지공학부, 산업공학과, 전자공학부, 건축학과, 생물공학과 외 7개",,,2026_or_older,https://www.konkuk.ac.kr/bbs/konkuk/237/1169866/artclView.do?layout,한국어트랙 TOPIK 3~4 / 영어트랙 IELTS 5.5~6.5 (학과별 상이)
중앙대학교,서울특별시,8,59,"신규학과, 세부전공, 글로벌크리에이티브아트학과, 신설학과, 지능형에너지산업융합학과, 경제학과 외 53개",7063000,11252000,2026_or_older,https://oias.cau.ac.kr/cauoie/grad/notice.do,한국어트랙 TOPIK 3~4 / 영어트랙 IELTS 5.5~6.5 (학과별 상이)
인하대학교,인천광역시,12,60,"연락학과, 상향학과, 소지자학과, 예외학과, 경영학과, 스마트거버넌스정책전공 외 54개",5921000,,2027_guide,https://internationalcenter.inha.ac.kr/bbs/internationalcenter/2491/183503/artclView.do,한국어트랙 TOPIK 3~4 / 영어트랙 IELTS 5.5~6.5 (학과별 상이)
국민대학교,서울특별시,14,59,"수학전공, 정보보안전공, 물리및분석화학전공, 유기화학전공, 무기화학전공, 생화학전공 외 53개",5238000,7460000,2026_or_older,https://iat.kookmin.ac.kr/admission/community/notice/656,한국어트랙 TOPIK 3~4 / 영어트랙 IELTS 5.5~6.5 (학과별 상이)
아주대학교,경기도,15,60,"분자과학기술학과, AI융합네트워크학과, 에너지시스템학과, 지능형반도체공학과, 의생명과학과, 인공지능학과 외 54개",5599000,,2026_or_older,https://www.ajou.ac.kr/gs/admission/guide-download.do,한국어트랙 TOPIK 3~4 / 영어트랙 IELTS 5.5~6.5 (학과별 상이)
서울시립대학교,서울특별시,16,49,"음악학과, 조형디자인학과, 건축학과, 조각학과, 시행학과, 뮤지컬전공 외 43개",3049000,,unknown,,한국어트랙 TOPIK 3~4 / 영어트랙 IELTS 5.5~6.5 (학과별 상이)
세종대학교,서울특별시,19,53,"국어국문학과, 영어영문학과, 일어일문학과, 역사학과, 중국통상학과, 교육학과 외 47개",6323000,,unknown,,한국어트랙 TOPIK 3~4 / 영어트랙 IELTS 5.5~6.5 (학과별 상이)
부산대학교,부산광역시,21,60,"전공학과, 국어국문학과, 중어중문학과, 일어일문학과, 영어영문학과, 독어독문학과 외 54개",2652000,5466000,unknown,,한국어트랙 TOPIK 3~4 / 영어트랙 IELTS 5.5~6.5 (학과별 상이)
가톨릭대학교,경기도,23,42,"경영학과, 국사학과, 사회학과, 사회복지학과, 일어일본문화학과, 종교학과 외 36개",,,2026_or_older,https://gs.catholic.ac.kr/gs/admission/recruitment.do,한국어트랙 TOPIK 3~4 / 영어트랙 IELTS 5.5~6.5 (학과별 상이)
광운대학교,서울특별시,23,32,"전자공학과, 전자통신공학과, 전기공학과, 전자재료공학과, 컴퓨터공학과, 로봇학과 외 26개",,,2026_or_older,https://oia.kw.ac.kr/admission/graduate.php,한국어트랙 TOPIK 3~4 / 영어트랙 IELTS 5.5~6.5 (학과별 상이)
가천대학교,경기도,25,60,"국어국문학과, 영어영문학과, 동양어문학과, 유럽어문학과, 행정학과, 경영학과 외 54개",,,2026_or_older,https://www.gachon.ac.kr/bbs/kor/740/120007/artclView.do,한국어트랙 TOPIK 3~4 / 영어트랙 IELTS 5.5~6.5 (학과별 상이)
전북대학교,전라북도,26,60,"음악학과, 한국음악학과, 디자인제조공학과, 중어중문학과, 전자·정보공학부, 국제개발학과 외 54개",2962000,,2026_or_older,https://ioffice.jbnu.ac.kr/ioffice/31621/subview.do,한국어트랙 TOPIK 3~4 / 영어트랙 IELTS 5.5~6.5 (학과별 상이)
인천대학교,인천광역시,27,59,"국어국문학과, 한국어교육학과, 영어영문학과, 독어독문학과, 불어불문학과, 일본지역문화학과 외 53개",3140000,,2026_or_older,https://www.inu.ac.kr/bbs/grad/1351/artclList.do,한국어트랙 TOPIK 3~4 / 영어트랙 IELTS 5.5~6.5 (학과별 상이)
충남대학교,대전광역시,28,60,"학과(학부, 복수전공, 개설학과, 소비자학과, 식품영양학과, 의류학과 외 54개",,,unknown,,한국어트랙 TOPIK 3~4 / 영어트랙 IELTS 5.5~6.5 (학과별 상이)
숭실대학교,서울특별시,29,60,"세부전공, 국어국문학과, 영어영문학과, 독어독문학과, 불어불문학과, 프랑스문학과 외 54개",5174000,,2026_or_older,https://grad.ssu.ac.kr/%EC%A0%95%EB%B3%B4%EA%B4%91%EC%9E%A5/%EA%B3%B5%EC%A7%80%EC%82%AC%ED%95%AD/,한국어트랙 TOPIK 3~4 / 영어트랙 IELTS 5.5~6.5 (학과별 상이)
가야대학교,경상남도,,3,"사회복지상담학전공, 사회복지상담학과, 간호학과",,,2026_or_older,https://ipsi.kaya.ac.kr/Home/BBSList.mbz?action=MAPP_0000000300,한국어트랙 TOPIK 3~4 / 영어트랙 IELTS 5.5~6.5 (학과별 상이)
강원대학교,강원도,,60,"약학과, 글로벌융합학과, 전용학과, 정유·화공분야(화학공학전공, 건설융합학부, 건축공학전공 외 54개",,,2026_or_older,https://cms.kangwon.ac.kr/adgraduate/admission/notice.do?mode=view&articleNo=567148,한국어트랙 TOPIK 3~4 / 영어트랙 IELTS 5.5~6.5 (학과별 상이)
건양대학교,충청남도,,49,"상담심리학과, 군사학과, 경영학과, 교육학과, 병원경영학과, 행정학과 외 43개",,,not_found,https://ipsi.konyang.ac.kr/prog/info/ipsi/sub03_01/foreigner/list.do,한국어트랙 TOPIK 3~4 / 영어트랙 IELTS 5.5~6.5 (학과별 상이)
경기대학교,경기도,,60,"국어국문학과, 독어독문학과, 문헌정보학과, 유아교육학과, 행정학과, 사회복지학과 외 54개",,,not_found,https://grad.kyonggi.ac.kr,한국어트랙 TOPIK 3~4 / 영어트랙 IELTS 5.5~6.5 (학과별 상이)
경남대학교,경상남도,,43,"인문학과, 사회복지학과, 심리학과, 상담심리학과, 교육학과, 유아교육학과 외 37개",,,not_found,https://www.kyungnam.ac.kr/grad/966/subview.do,한국어트랙 TOPIK 3~4 / 영어트랙 IELTS 5.5~6.5 (학과별 상이)
경상국립대학교,경상남도,,60,"우주항공정책학부, 경영정보학과, 경영학과, 경제학과, 교육학과, 교육철학및교육사전공 외 54개",,,2026_or_older,https://www.gnu.ac.kr/graduate/main.do,한국어트랙 TOPIK 3~4 / 영어트랙 IELTS 5.5~6.5 (학과별 상이)
경일대학교,경상북도,,27,"경영학과, 경찰학과, 교육학과, 부동산지적학과, 사회복지학과, 심리학과 외 21개",,,not_found,https://grad.kiu.ac.kr/,한국어트랙 TOPIK 3~4 / 영어트랙 IELTS 5.5~6.5 (학과별 상이)
계명대학교,대구광역시,,59,"미술학과, 디자인학과, 미디어아트학과, 음악학과, 경영정보학과, 경영학과 외 53개",,,2026_or_older,https://gs.kmu.ac.kr/gs/8393/subview.do,한국어트랙 TOPIK 3~4 / 영어트랙 IELTS 5.5~6.5 (학과별 상이)
광주대학교,광주광역시,,41,"경영학과, 회계세무학과, 물류유통경영학과, 호텔관광경영학과, 호텔외식조리학과, 경찰학과 외 35개",,,2026_or_older,https://grad.gwangju.ac.kr/page/?site=grad&mn=1448,한국어트랙 TOPIK 3~4 / 영어트랙 IELTS 5.5~6.5 (학과별 상이)
국립강릉원주대학교,강원도,,36,"체육학과, 조형예술·디자인학과, 음악학과, 조소전공, 공예디자인전공, 예체능학과 외 30개",,,2026_or_older,https://gradgn.kangwon.ac.kr/sites/grad/index.do,한국어트랙 TOPIK 3~4 / 영어트랙 IELTS 5.5~6.5 (학과별 상이)
국립경국대학교,경상북도,,24,"데이터사이언스학과, 식품생명공학과, 응급구조학과, 소프트웨어융합학과, 화학생명공학과, 반도체·신소재공학전공 외 18개",,,2026_or_older,https://graduation.gknu.ac.kr/,한국어트랙 TOPIK 3~4 / 영어트랙 IELTS 5.5~6.5 (학과별 상이)
국립군산대학교,전라북도,,46,"국어국문학과, 영어영문학과, 일어일문학과, 중국학과, 미디어문화학과, 경영학과 외 40개",,,2026_or_older,https://www.kunsan.ac.kr/inter/index.kunsan?menuCd=DOM_000013303002000000,한국어트랙 TOPIK 3~4 / 영어트랙 IELTS 5.5~6.5 (학과별 상이)
국립금오공과대학교,경상북도,,24,"동일한학과, 기계공학과, 전자공학과, 컴퓨터·AI융합공학과, 소프트웨어공학과, 건축공학과 외 18개",,,2026_or_older,https://www.kumoh.ac.kr/cam/sub030103.do,한국어트랙 TOPIK 3~4 / 영어트랙 IELTS 5.5~6.5 (학과별 상이)
국립목포해양대학교,전라남도,,21,"해상운송시스템학과, 항법시스템공학전공, 해양안전시스템공학전공, 해양정보시스템학전공, 국제물류학전공, 기관시스템공학과 외 15개",,,2026_or_older,https://www.mmu.ac.kr/OA/board/136/1/read/88085,한국어트랙 TOPIK 3~4 / 영어트랙 IELTS 5.5~6.5 (학과별 상이)
국립부경대학교,부산광역시,,60,"복수전공, 동일·유사전공, 행정복지학부, 경영학부, 국제통상학부, 수산생명의학과 외 54개",2070000,2657000,2027_guide,http://admission.pknu.ac.kr/,한국어트랙 TOPIK 3~4 / 영어트랙 IELTS 5.5~6.5 (학과별 상이)
국립순천대학교,전라남도,,60,"학과부전공, 행정학과, 경영학과, 회계학과, 무역학과, 물류학과 외 54개",2003000,3024000,2026_or_older,https://www.scnu.ac.kr/ials/na/ntt/selectNttList.do?mi=2045&bbsId=1411,한국어트랙 TOPIK 3~4 / 영어트랙 IELTS 5.5~6.5 (학과별 상이)
국립창원대학교,경상남도,,17,"유아교육학과, 미생물학과, 메카트로닉스공학부, 화공시스템공학과, 정보통신공학과, 조선해양공학과 외 11개",2095300,2743100,2026_or_older,https://app.changwon.ac.kr/board/detail.do?midx=8&bno=2932&cateno=&postno=1349442&pageIndex=1,한국어트랙 TOPIK 3~4 / 영어트랙 IELTS 5.5~6.5 (학과별 상이)
극동대학교,충청북도,,35,"학과(세부전공, 경영학과, 항공운항서비스학과, 항공경영학과, 항공융합안전학과, 외식경영학과 외 29개",,,not_found,,한국어트랙 TOPIK 3~4 / 영어트랙 IELTS 5.5~6.5 (학과별 상이)
남부대학교,광주광역시,,30,"자동차기계공학과, AI전기공학과, AI경영학과, 식품영양학과, 경찰행정학과, 향장미용학과 외 24개",2829000,4068000,2026_or_older,https://global.nambu.ac.kr/board/GLOBAL_BOARD_0006/boardList.do?menuCd=dept_globa002003002,한국어트랙 TOPIK 3~4 / 영어트랙 IELTS 5.5~6.5 (학과별 상이)
대구가톨릭대학교,경상북도,,60,"언어청각치료학과(언어치료학전공, 언어치료전공, 표현예술치료학과, 국어국문학과, 국어국문학전공, 한국어교육전공 외 54개",4451000,8449000,2026_or_older,https://graduate.cu.ac.kr/sub03/sub02.htm,한국어트랙 TOPIK 3~4 / 영어트랙 IELTS 5.5~6.5 (학과별 상이)
대구대학교,경상북도,,57,"한국어교육학과, 문화예술학과, 영어영문학과, 행정학과, 도시학과, 부동산학과 외 51개",4067000,6525000,2026_or_older,https://grad.daegu.ac.kr/,한국어트랙 TOPIK 3~4 / 영어트랙 IELTS 5.5~6.5 (학과별 상이)
대구한의대학교,경상북도,,60,"간호학과, 뷰티케어학과, 제약공학과, 푸드케어약선학과, 건축·소방방재환경학과, 산림조경학과 외 54개",4500000,7300000,2026_or_older,http://www.dhu.ac.kr/HOME/graduate/,한국어트랙 TOPIK 3~4 / 영어트랙 IELTS 5.5~6.5 (학과별 상이)
대전대학교,대전광역시,,56,"국어국문학과, 교육학과, 상담심리전공, 생물학과, 미생물학과, 생명보건과학과 외 50개",,,2026_or_older,https://www.dju.ac.kr/gdhl/main.do,한국어트랙 TOPIK 3~4 / 영어트랙 IELTS 5.5~6.5 (학과별 상이)
동덕여자대학교,서울특별시,,44,"국어국문학과, 영어영문TESOL학과, 일본어문학과, 프랑스어문학과, 독일학과, 중국학과 외 38개",,,2026_or_older,https://grad.dongduk.ac.kr/,한국어트랙 TOPIK 3~4 / 영어트랙 IELTS 5.5~6.5 (학과별 상이)
동명대학교,부산광역시,,23,"컴퓨터미디어공학과, 전기전자정보통신공학과, 기계시스템공학과, 조선해양공학과, 항만물류시스템학과, 건축학과 외 17개",2852000,3855000,2026_or_older,https://www.tu.ac.kr/gs/sub02_02.do,한국어트랙 TOPIK 3~4 / 영어트랙 IELTS 5.5~6.5 (학과별 상이)
동서대학교,부산광역시,,59,"디자인학부, 시각디자인전공, 디지털미디어디자인전공, 제품인터랙션디자인전공, 환경디자인전공, 패션디자인학과 외 53개",3247000,5915000,2026_or_older,https://uni.dongseo.ac.kr/iec/index.php?pCode=admission,한국어트랙 TOPIK 3~4 / 영어트랙 IELTS 5.5~6.5 (학과별 상이)
동아대학교,부산광역시,,58,"이공계한국어트랙학과, 석사과정은세부전공이없으며개설되어있더라도학과, 한국어문학과, 영어영문학과, 교육학과, 상담학과 외 52개",4618000,8100000,2026_or_older,http://donga.ac.kr/global/CMS/Board/Board.do?mCode=MN044,한국어트랙 TOPIK 3~4 / 영어트랙 IELTS 5.5~6.5 (학과별 상이)
동양대학교,경상북도,,30,"사회복지학과, 한중문화학과, 철도전기융합학과, 컴퓨터공학과, 사회적경제도시재생학과, 기계시스템공학과 외 24개",,,unknown_year,https://grad.dyu.ac.kr/,한국어트랙 TOPIK 3~4 / 영어트랙 IELTS 5.5~6.5 (학과별 상이)
명지대학교,경기도,,60,"문예창작학과디자인학과음악학과음악치료학과, 뮤지컬공연학과, 국어국문학과, 영어영문학과, 중어중문학과, 아랍지역학과 외 54개",5098000,7152000,2026_or_older,https://globaluniv.mycafe24.com/mju/brochure/gra_eng.pdf,한국어트랙 TOPIK 3~4 / 영어트랙 IELTS 5.5~6.5 (학과별 상이)
부산가톨릭대학교,부산광역시,,13,"글로벌유통비즈니스학과, 간호학과, 임상병리학과, 물리치료학과, 방사선학과, 치기공학과 외 7개",3333000,4803500,2026_or_older,https://graduate.cup.ac.kr/organ/graduate/front/conts/103002000000000.do,한국어트랙 TOPIK 3~4 / 영어트랙 IELTS 5.5~6.5 (학과별 상이)
부산외국어대학교,부산광역시,,36,"영어영문학과, 글로벌일본학과, 중국어중국학과, 한국학과, 한국어교육학과, 다문화교육학과 외 30개",3757000,6397000,2026_or_older,https://oiaglobal.bufs.ac.kr/graduate,한국어트랙 TOPIK 3~4 / 영어트랙 IELTS 5.5~6.5 (학과별 상이)
상명대학교,서울특별시,,34,"예외학과, 학과장(전공, 석사과정(학과, 조형예술학과, 생활예술학과, 음악학과 외 28개",,,2026_or_older,https://www.smu.ac.kr/grad/admission/recruitschedule.do,한국어트랙 TOPIK 3~4 / 영어트랙 IELTS 5.5~6.5 (학과별 상이)
상지대학교,강원도,,58,"김상지경영학과, 사회복지학과, 간호학과, 안보학과, 경영학과, 한국어문화학과 외 52개",4572000,8299000,unknown_year,https://www.sangji.ac.kr/gradgo/sub01_02.do,한국어트랙 TOPIK 3~4 / 영어트랙 IELTS 5.5~6.5 (학과별 상이)
서울신학대학교,경기도,,8,"예능계열(교회음악학과, 음악학과, 사회복지학과, 교회음악학과, IT융합학과, 기독교교육학과 외 2개",,,2026_or_older,https://www.stu.ac.kr/,한국어트랙 TOPIK 3~4 / 영어트랙 IELTS 5.5~6.5 (학과별 상이)
서울여자대학교,서울특별시,,44,"사회복지학과, 아동학과, AI기술융합학과, 국어국문학과, 영어영문학과, 불어불문학과 외 38개",4657000,,2026_or_older,https://www.swu.ac.kr/grd/1116/subview.do,한국어트랙 TOPIK 3~4 / 영어트랙 IELTS 5.5~6.5 (학과별 상이)
선문대학교,충청남도,,43,"교육상담학과, 국어국문학과, 국제관계학과, 글로벌경영학과, 글로벌경제학과, 한국학과 외 37개",3053000,,unknown,,한국어트랙 TOPIK 3~4 / 영어트랙 IELTS 5.5~6.5 (학과별 상이)
성신여자대학교,서울특별시,,55,"음악학과, 반주학과, 한국어학과, 국어국문학과, 한국어문화교육전공, 영어영문학과 외 49개",4569000,,unknown,,한국어트랙 TOPIK 3~4 / 영어트랙 IELTS 5.5~6.5 (학과별 상이)
세명대학교,충청북도,,25,"경영학과, 관광학과, 도시경제부동산학과, 항공서비스경영학과, 한국어교육융합학과, 외국인전담학과 외 19개",,,unknown,,한국어트랙 TOPIK 3~4 / 영어트랙 IELTS 5.5~6.5 (학과별 상이)
수원대학교,경기도,,28,"국어국문학과, 영어영문학과, 중어중문학과, 행정학과, 경영학과, 컴퓨터학과 외 22개",,,unknown,,한국어트랙 TOPIK 3~4 / 영어트랙 IELTS 5.5~6.5 (학과별 상이)
순천향대학교,충청남도,,60,"한국어문화학과, 간호학과, 의생명융합학과, 국제개발협력학과, 한국어학과, 영어트랙학과 외 54개",3657000,,2026_or_older,https://gradu.sch.ac.kr/boards/chk_view/sub03_04/47/20/,한국어트랙 TOPIK 3~4 / 영어트랙 IELTS 5.5~6.5 (학과별 상이)
우송대학교,대전광역시,,56,"AI학과, AI전공, AI융합전공, 철도시스템학과, 철도시스템학전공, 언어청각재활학과 외 50개",,,2026_or_older,https://www.wsu.ac.kr/page/index.jsp?code=college0202a,한국어트랙 TOPIK 3~4 / 영어트랙 IELTS 5.5~6.5 (학과별 상이)
원광대학교,전라북도,,60,"경영학과, 경제학과, 경찰행정학과, 미술사학과, 교육학과, 국어국문학과 외 54개",3897000,,2026_or_older,https://wgs.wku.ac.kr/?page_id=297,한국어트랙 TOPIK 3~4 / 영어트랙 IELTS 5.5~6.5 (학과별 상이)
유원대학교,충청북도,,6,"사회복지학전공, 상담심리학전공, 행정학전공, 뷰티케어전공, 체육학전공, 계열·전공",3150000,,2026_or_older,https://graduate.u1.ac.kr/graduate/community/notice.do,한국어트랙 TOPIK 3~4 / 영어트랙 IELTS 5.5~6.5 (학과별 상이)
을지대학교,대전광역시,,30,"외국인(외국인전담학과, AI학과, 전담학과, 첨단학부, 글로벌빅데이터AI학과, 임상병리학과 외 24개",,,unknown_year,https://admission.eulji.ac.kr/index.html?menuno=2750&bbsno=73316&boardno=545&siteno=195&act=view,한국어트랙 TOPIK 3~4 / 영어트랙 IELTS 5.5~6.5 (학과별 상이)
인제대학교,경상남도,,27,"글로벌MBA학과, 전담학과, 행정학과, 사회복지학과, 간호학과, 생명과학과 외 21개",4447000,,2026_or_older,https://cms.inje.ac.kr/graduate/community/notice.do,한국어트랙 TOPIK 3~4 / 영어트랙 IELTS 5.5~6.5 (학과별 상이)
전주대학교,전라북도,,35,"세부전공, 소방안전공, 사회복지학과, 상담심리학과, 음악학과, 경영학과 외 29개",4574000,,2026_or_older,https://graduate.jj.ac.kr/graduate/apply/guidelinesf.do,한국어트랙 TOPIK 3~4 / 영어트랙 IELTS 5.5~6.5 (학과별 상이)
제주국제대학교,제주특별자치도,,11,"사회복지학과, 심리상담치료학과, 언어치료학과, 건축학과, 안전도시건설공학과, 식품외식학과 외 5개",2880000,2880000,2026_or_older,https://grad.jeju.ac.kr/grad/entrance/recruit.htm,한국어트랙 TOPIK 3~4 / 영어트랙 IELTS 5.5~6.5 (학과별 상이)
조선대학교,광주광역시,,60,"전문대학과, 정치외교학과, 경제학과, 경영학과, 무역학과, 공공행정학과 외 54개",3953000,6978000,2026_or_older,https://global.chosun.ac.kr/bbs/global/425/276679/artclView.do,한국어트랙 TOPIK 3~4 / 영어트랙 IELTS 5.5~6.5 (학과별 상이)
중부대학교,충청남도,,41,"국어국문학과, 한국어학과, 기록물관리학과, 과학수사학과, 경영학과, 국제통상학과 외 35개",,,2026_or_older,https://www.joongbu.ac.kr/board.es?mid=a70108010300&bid=0529,한국어트랙 TOPIK 3~4 / 영어트랙 IELTS 5.5~6.5 (학과별 상이)
창신대학교,경상남도,,26,"개설학과, 간호학과, 부동산학과, 사회복지학과, 융합경영학과, 식품영양학과 외 20개",3500000,4500000,2026_or_older,https://grad.cs.ac.kr/board/163/view?boardId=99,한국어트랙 TOPIK 3~4 / 영어트랙 IELTS 5.5~6.5 (학과별 상이)
청주대학교,충청북도,,32,"국제비즈니스학과, 도시부동산지적학과, 글로벌경영학과, 호텔관광경영학과, K-언어문화콘텐츠학과, 글로벌관광학과 외 26개",,,2026_or_older,https://www.cju.ac.kr/ggrad/selectBbsNttView.do?bbsNo=142&nttNo=145832,한국어트랙 TOPIK 3~4 / 영어트랙 IELTS 5.5~6.5 (학과별 상이)
초당대학교,전라남도,,9,"간호학과, 경영학과, 국제문화학과, 국제문화경영학과, 국제문화교육학과, 뷰티디자인학과 외 3개",,,2026_or_older,https://graduate.cdu.ac.kr/,한국어트랙 TOPIK 3~4 / 영어트랙 IELTS 5.5~6.5 (학과별 상이)
충북대학교,충청북도,,60,"국제학부, 서약서(디자인학과, 미술학과, 디자인학과, 개별학과, 국어국문학과 외 54개",2569000,3949000,2026_or_older,https://ipsi.chungbuk.ac.kr/gra.do,한국어트랙 TOPIK 3~4 / 영어트랙 IELTS 5.5~6.5 (학과별 상이)
평택대학교,경기도,,42,"융합소프트웨어학과, 정보통신학과, 데이터정보학과, 스마트모빌리티학과, ICT융합학부, 미디어디자인학과 외 36개",,,2026_or_older,https://graduate.ptu.ac.kr/graduate/3443/subview.do,한국어트랙 TOPIK 3~4 / 영어트랙 IELTS 5.5~6.5 (학과별 상이)
한경국립대학교,경기도,,59,"학부(과)·전공, 학부(과·전공, 학부(전공, 반드시학과, 디자인학과, 전자전기공학부(전자전기공학전공 외 53개",2197460,3094590,2026_or_older,http://ipsi.hknu.kr/help/notice_list.php,한국어트랙 TOPIK 3~4 / 영어트랙 IELTS 5.5~6.5 (학과별 상이)
한국공학대학교,경기도,,22,"기계공학과, 전자공학과, 게임공학과, 반도체공학과, 경영학과, 기계설계공학과 외 16개",4093000,4878000,2026_or_older,https://www.tukorea.ac.kr/graduate/9371/subview.do,한국어트랙 TOPIK 3~4 / 영어트랙 IELTS 5.5~6.5 (학과별 상이)
한국체육대학교,서울특별시,,29,"정(체육학과, 건강교육학전공, 스포츠교육학전공, 스포츠사회학전공, 경영학전공, 스포츠의학전공 외 23개",,,unknown_year,https://www.knsu.ac.kr/graduipsi/index.do,한국어트랙 TOPIK 3~4 / 영어트랙 IELTS 5.5~6.5 (학과별 상이)
한국항공대학교,경기도,,17,"전담학과, 글로벌서비스경영학과, 서비스경영학과, 기계공학과, 항공전자정보공학과, 컴퓨터공학과 외 11개",5277000,8709000,2026_or_older,https://grad.kau.ac.kr/admission/guide_f.php,한국어트랙 TOPIK 3~4 / 영어트랙 IELTS 5.5~6.5 (학과별 상이)
한성대학교,서울특별시,,14,"전담학과, 글로벌AI경영컨설팅학과, 글로벌경영컨설팅전공, 글로벌AI경영컨설팅전공, 자산관리학과, 금융부동산자산관리전공 외 8개",3600000,5000000,2026_or_older,https://hansung.ac.kr/gshansung/3430/subview.do,한국어트랙 TOPIK 3~4 / 영어트랙 IELTS 5.5~6.5 (학과별 상이)
협성대학교,경기도,,4,"사회복지학과, 경영학과, 근로(교학과, 석사과정(신학과",3408000,3934000,2026_or_older,https://www.uhs.ac.kr/portalBbs/uhs/4/59002/view.do,한국어트랙 TOPIK 3~4 / 영어트랙 IELTS 5.5~6.5 (학과별 상이)
호남대학교,광주광역시,,15,"동일(유사)전공, 문화예술학과, 스피치커뮤니케이션학과, 외식조리관리학과, 재난안전관리학과, 응용행동분석학과 외 9개",,,2026_or_older,https://graduate.honam.ac.kr/attach/pdfgraduate/20251111092550VRjmouFGFP7LJEWvZiR9.pdf,한국어트랙 TOPIK 3~4 / 영어트랙 IELTS 5.5~6.5 (학과별 상이)
