전형,가이드연도,순위,학교,영문명,지역,IELTS,TOPIK,자체시험,등록금최소,등록금최대,데이터사이언스관련학과,장학금,비고,가이드링크
외국인,2027,2,연세대학교,Yonsei University,서울특별시,,5,,3809000,3809000,응용통계학과 (Department of Applied Statistics) / 산업공학과 (Department of Industrial Engineering),성적우수 장학금:  성적우수자 → 감면액 학교 기준 / 연구 참여 장학금(학부 연구생 프로그램):  학부 연구생 참여 → 학교 기준,adiga 외국인 2027 PDF,https://drive.google.com/file/d/19kcAQFWEe4wCmfGew2eygHZuQDbzQHKR/view
외국인,2027,4,고려대학교,Korea University,서울특별시,,5,Y,3846000,3846000,통계학과 (Department of Statistics) / 산업경영공학부 (School of Industrial and Management Engineering) / 컴퓨터학과 (Department of Computer Science) / 데이터과학과 (Department of Data Science) / 인공지능학과 (Department of Artificial Intelligence),"Challenge장학금(C): other 한국어센터 정규과정 6급 수료 → 수업료 500,000원 감면 (외 1단계)",adiga 외국인 2027 PDF,https://drive.google.com/file/d/1sB5KJEjuEo6knLpq-zOKMfoG68zDTWFx/view
외국인,2027,8,건국대학교,Konkuk University,서울특별시,5.5,3,Y,4636000,7133000,"컴퓨터소프트웨어학과 (Department of Computer Software) / AI디자인학과 (Department of AI Design) / ㆍAI디자인학과 (Department of AI Design) / ㆍ컴퓨터소프트웨어학과 (Department of Computer Software) / ㆍ국제대학컴퓨터소프트웨어학과 (Department of Computer Software, International College) / 컴퓨터공학부 (School of Computer Engineering)",우수외국인장학(신입) 첫 학기 장학금: TOPIK 3급 → 등록금의 30% (외 3단계) / 외국인 신입생 장학금: TOPIK 6 → 수업료 50% (외 3단계),재외국민과외국인전형 2027,https://drive.google.com/file/d/17lkDOEbhw_uJJ1_-l1asy2LLzFYRmRGQ/view
외국인,2027,8,동국대학교,Dongguk University,서울특별시,,3,Y,4476000,5842000,통계학과 (Department of Statistics) / 정보통신공학과 (Department of Information and Communication Engineering) / 산업시스템공학과 (Department of Industrial Systems Engineering) / 컴퓨터·AI학부 (School of Computer Science and AI) / 컴퓨터공학전공 (Computer Engineering Major) / 멀티미디어소프트웨어공학전공 (Major in Multimedia Software Engineering),어학우수장학: TOPIK 4 → 수업료의 30% (외 2단계),재외국민과 외국인 특별전형 2027,https://drive.google.com/file/d/1efYIRu4G_K2Nr9MtfQgXpva8aJUCUi1e/view
외국인,2027,8,중앙대학교,Chung-Ang University,서울특별시,,4,Y,5320000,8468000,응용통계학과 (Department of Applied Statistics),외국인 장학금(1차 학기): TOPIK 6급 (또는 TOEFL iBT 91 / TOEIC 780 / IELTS 6.5 이상) → 수업료 100% (외 1단계),adiga 외국인 2027 PDF,https://drive.google.com/file/d/1BWRWUaEBpXoNqq9JOyYcsexeI9TnKfjv/view
외국인,2027,12,인하대학교,Inha University,인천광역시,5.5,3,Y,,,산업경영공학과 (Department of Industrial and Management Engineering) / 인공지능공학과 (Department of Artificial Intelligence Engineering) / 데이터사이언스학과 (Department of Data Science) / 컴퓨터공학과 (Department of Computer Engineering) / 통계학과 (Department of Statistics),글로벌 1 장학금 - TOPIK 성적에 따른 지급 (신입학): TOPIK 4급 → 1학기 30% 장학금 (외 2단계) / 글로벌 1 장학금 - 영어성적에 따른 지급 (신입학): TOEFL IBT 115점 또는 IELTS 9점 이상 → 전액 장학금(4년)+월 생활보조 30만원+생활관비 (외 3단계),adiga 외국인 2027 PDF,https://drive.google.com/file/d/195Ds8-iJEKdJwWHfki0XOmd0hHksb56u/view
외국인,2027,14,국민대학교,Kookmin University,서울특별시,5.5,5,Y,4322000,6411000,AI빅데이터융합경영학과 (Department of AI Big Data Convergence Management) / 지능형ICT융합전공 (Intelligent ICT Convergence Major) / 소프트웨어학부 (School of Software) / 인공지능학부 (School of Artificial Intelligence) / 공업디자인학과 (Department of Industrial Design) / AI디자인학과 (Department of AI Design),입학성적 우수 장학금: TOPIK 6 → 수업료 100% (외 11단계) / 신입생 TOPIK 우수 장학금: TOPIK 6급 → 수업료 70% (인문계열) (외 5단계),재외국민과 외국인 특별전형 2027,https://drive.google.com/file/d/1SlmJtqkza_NSjIuF4hLXRttrn_AfCrrA/view
외국인,2027,16,서울시립대학교,UOS University,서울특별시,,3,Y,2156000,3396000,"전자전기컴퓨터공학부 (School of Electronic, Electrical and Computer Engineering) / 컴퓨터과학부 (School of Computer Science) / 인공지능학과 (Department of Artificial Intelligence) / 통계학과 (Department of Statistics) / 산업디자인전공 (Industrial Design Major) / 첨단인공지능전공 (Advanced Artificial Intelligence Major)",학부 외국인장학금-전액장학금: 상위 30% 성적우수자 / 학부 외국인장학금-반액장학금: 전액 수혜자 외 상위 20% 성적우수자,2027 외국인전형 요강 확인,https://drive.google.com/file/d/17BUB1GcMuZEv9ruPhvYhqPYuslkzXz47/view
외국인,2027,17,한국외국어대학교,Hankuk University of Foreign Studies,서울특별시,5.5,3,Y,4201000,5273000,태국학과 (Department of Thai Studies) / 튀르키예·아제르바이잔학과 (Department of Turkish and Azerbaijani Studies) / Language&AI융합학부 (School of Language & AI Convergence) / SocialScience&AI융합학부 (School of Social Science & AI Convergence) / 우크라이나학과 (Department of Ukrainian Studies) / 통계학과 (Department of Statistics),총장 장학:   → 등록금 100% (첫학기) / 학장 장학:   → 등록금 50% (첫학기),2027 Spring 부모 모두 외국인 외국인특별전형,https://drive.google.com/file/d/1uw4TYnEbTA137UtynsPjB6zvboaWFjd0/view
외국인,2027,19,세종대학교,Sejong University,서울특별시,5.5,3,Y,4556000,6237000,수학통계학과 (Department of Mathematics and Statistics) / 전자정보통신공학과 (Department of Electronic and Information Communication Engineering) / AI융합전자공학과 (Department of AI Convergence Electronic Engineering) / 컴퓨터공학과 (Department of Computer Engineering) / 정보보호학과 (Department of Information Security) / 소프트웨어학과 (Department of Software),외국인 학생 장학제도(어학능력 장학): TOPIK 3급 → 수업료 30% (외 3단계),재외국민과 외국인전형 2027,https://drive.google.com/file/d/1guj7CE1tJzC-DagzoXprCO3x2J8mVwN6/view
외국인,2026,20,숙명여자대학교,Sookmyung Women's University,서울특별시,5.5,3,Y,,,소프트웨어학부 (School of Software) / 데이터사이언스전공 (Data Science Major),세계지역 핵심인재 장학금 (한국어트랙): TOPIK 6급 → 등록금 90% 감면 (외 3단계) / 세계지역 핵심인재 장학금 (영어트랙): IELTS 8.0 이상 → 등록금 70% 감면 (외 5단계),2026 Fall Admission 외국인 (2027 아님),https://drive.google.com/file/d/11HOd9t5F7HsBDkH6lvSMhyAIx908ogYo/view
재외국민,2027,21,부산대학교,Pusan National University,부산광역시,5.5,3,,2069000,3197000,데이터사이언스전공 (Data Science Major) / 정보컴퓨터공학부 (School of Information and Computer Engineering) / 컴퓨터공학전공 (Computer Engineering Major) / 인공지능전공 (Artificial Intelligence Major) / 통계학과 (Department of Statistics) / 바이오산업기계공학과 (Department of Bio-Industrial Machinery Engineering),외국인 학생 TOPIK 장학금(첫 학기): TOPIK 4 → 수업료Ⅰ 전액 (외 2단계),"2027 재외국민 특별전형만 확인 (외국인 전형은 국제처 별도, 2027 요강 미확인)",https://drive.google.com/file/d/14b9ExOK7_NUiOwwCAFa88UQ_Pwebl4vy/view
외국인,2027,23,가톨릭대학교,The Catholic University of Korea,경기도,,3,Y,4262000,5964000,컴퓨터정보공학부 (School of Computer and Information Engineering) / 정보통신전자공학부 (School of Information Communication and Electronic Engineering) / 인공지능학과 (Department of Artificial Intelligence) / 데이터사이언스학과 (Department of Data Science) / 바이오메디컬소프트웨어학과 (Department of Biomedical Software) / AI의공학과 (Department of AI Biomedical Engineering),외국인우수장학금(신입학): TOPIK 6급 → 2년 등록금 전액 (외 2단계) / 외국인 신입생 장학금: TOPIK 5~6 → 입학금 전액 및 수업료의 90% (외 4단계),재외국민과 외국인 특별전형 2027,https://drive.google.com/file/d/1wNehCMj3KksA5KkB8gTtkQEmXRrr-EM8/view
외국인,2027,25,가천대학교,Gachon University,경기도,5.5,3,Y,4173800,5665800,컴퓨터공학과 (Department of Computer Engineering) / 금융·빅데이터학부 (School of Finance and Big Data) / 응용통계학과 (Department of Applied Statistics) / 산업공학전공 (Industrial Engineering Major) / 회화전공 (Painting Major) / 산업디자인전공 (Industrial Design Major),외국인장학금(입학장학금): TOPIK 6급 → 등록금 90% 감면 (외 10단계) / 외국인 장학금 (신입생 장학금): TOPIK 4~5 → 입학 후 첫 학기 등록금 100% 감면 (외 2단계),adiga 외국인 2027 PDF,https://drive.google.com/file/d/1KwX77hw63_Lv887ZiP2UzaNoIGIGvb-5/view
외국인,2027,26,전북대학교,Jeonbuk National University,전라북도,5.5,2,Y,2016000,2779000,K-엔터테인먼트학과 (Department of K-Entertainment) / 산업정보시스템공학과 (Department of Industrial and Information Systems Engineering) / 소프트웨어공학과 (Department of Software Engineering) / 컴퓨터인공지능학부 (School of Computer and Artificial Intelligence) / 산업디자인학과 (Department of Industrial Design) / 통계학과 (Department of Statistics),"신입생 성적우수장학금: TOPIK 6급 또는 IELTS 8 이상 → 수업료1,수업료2 전액면제 (외 1단계)",2026/2027 학부 외국인 특별전형 계획 (외국인 별도 존재),https://ioffice.jbnu.ac.kr/bbs/ioffice/3547/353559/artclView.do
재외국민,2027,27,인천대학교,Incheon University,인천광역시,5.5,3,Y,2557000,3217000,산업경영공학과 (Department of Industrial and Management Engineering) / 컴퓨터공학부 (School of Computer Engineering) / 정보통신공학과 (Department of Information and Communication Engineering) / 데이터과학과 (Department of Data Science) / 한국화전공 (Korean Painting Major) / 서양화전공 (Western Painting Major),성적 장학금 (신·편입생): TOPIK 6급 (IELTS 7.0/TOEIC 800/TOEFL 94) → 등록금의 70% (외 2단계),2027 재외국민 특별전형 (재외국민 및 외국인 50명 포함 계획),https://drive.google.com/file/d/1E97ROSFnoZg1hR1efhBB1JX29OOX2RPI/view
외국인,2027,28,충남대학교,Chungnam National University,대전광역시,5.5,4,Y,1807500,2572000,정보통계학과 (Department of Information Statistics) / 정보통신융합학부 (School of Information and Communication Convergence) / 전파정보통신공학과 (Department of Radio and Information Communication Engineering),외국인 신입생 장학금(TOPIK 등급별): TOPIK 5급 이상 → 첫 학기 등록금 전액 (외 1단계),2027 CNU-ASIA 외국인특별전형,https://drive.google.com/file/d/1GD2MrwkaAzEzQuSYyRaPXv8X57ulN7RL/view
재외국민,2027,29,숭실대학교,Soongsil University,서울특별시,,3,Y,4626000,6042000,정보통계·보험수리학과 (Department of Information Statistics and Actuarial Science) / 산업·정보시스템공학과 (Department of Industrial and Information Systems Engineering) / 컴퓨터학부 (School of Computer Science) / AI소프트웨어학부 (School of AI Software) / AI시스템전공 (AI System Major),입학장학금(A) 언어우수 1: TOPIK 6급 → 수업료 100% 감면 (외 3단계),2027 재외국민 특별전형,https://drive.google.com/file/d/1Yli-nSTha1wZt_EFTX0elqs8xm-C_BYa/view
외국인,2027,,가톨릭관동대학교,CK University,강원도,,2,,3242000,5226000,항공정비학전공 (Aircraft Maintenance Studies Major) / CG디자인전공 (CG (Computer Graphics) Design Major),신입생 성적우수 장학금: 성적 A급 → 4년간 등록금 50%(수시) (외 4단계) / 총장특별장학금: 기타 최초학적 등록 신입생 등 → 100만원(1회),adiga 외국인 2027 PDF,https://drive.google.com/file/d/1dUTdBURWpjBlMoCN26nhqTNW-wvq9FHl/view
외국인,2027,,강서대학교,KSU University,서울특별시,5.5,3,,,,G2빅데이터경영학과 (Department of G2 Big Data Management) / AI기반경영학과 (Department of AI-Based Management),"외국인유학생 입학장학금: TOPIK/IELTS TOPIK 4급 이상 또는 IELTS 6.0 이상 → 500,000원 (외 1단계) / 외국인 재학생 장학금: 성적 학과 수석 → 3,000,000원 (외 6단계)",adiga 외국인 2027 PDF,https://drive.google.com/file/d/1dx_ZE6ZUI7m49OXCcdDeaM7T5UiNR63G/view
외국인,2027,,건양대학교,Konyang University,충청남도,,5,,3485000,5439000,기업소프트웨어학부 (School of Enterprise Software) / ND산업디자인학부 (ND School of Industrial Design),,adiga 외국인 2027 PDF,https://drive.google.com/file/d/1kneoARyJn5CHIcMnFyRY7xfU5IMlgf1o/view
외국인,2027,,경남대학교,Kyungnam University,경상남도,5.5,3,Y,2903000,4102000,·관광항공서비스학전공 (Tourism and Airline Service Major) / 컴퓨터공학부 (School of Computer Engineering) / ·컴퓨터공학전공 (Computer Engineering Major) / ·소프트웨어전공 (Software Major) / ·컴퓨터보안전공 (Computer Security Major) / 인공지능학과 (Department of Artificial Intelligence),외국인 신·편입학 장학(B/C/D급): TOPIK 4급 이상 → 입학 해당학기 수업료 70% (외 4단계) / 외국인 유학생 신입생 기숙사비 지원: TOPIK 4급 이상 → 기숙사비 100% 2회 지원 (외 5단계),adiga 외국인 2027 PDF,https://drive.google.com/file/d/1eO-a271nfJ6VPmhplpk8NKgiysWreBys/view
외국인,2027,,경동대학교,Kyungdong University,강원도,5.5,3,Y,3364533,3364533,컴퓨터공학과 (Department of Computer Engineering) / 소프트웨어융합보안학과 (Department of Software Convergence and Security),글로벌 외국인유학생 장학금: TOPIK 4급 → 입학금 전액 면제 + 수업료 50% 감면 (외 2단계),adiga 외국인 2027 PDF,https://drive.google.com/file/d/1pLAGbOL8Uz6XeS22ocdThhcxWkPCgJro/view
외국인,2027,,경상국립대학교,GNU University,경상남도,,2,Y,1779000,2703000,정보통계학과 (Department of Information Statistics) / 산업시스템공학부 (School of Industrial Systems Engineering) / 컴퓨터공학부 (School of Computer Engineering) / 소프트웨어공학과 (Department of Software Engineering) / AI정보공학과 (Department of AI Information Engineering),토픽 장학금(신입생): TOPIK 4급 → 첫 학기 등록금 전액 (외 1단계) / 글로벌자율전공학부 TOPIK 및 성적장학금(신입생 첫 학기): TOPIK 3급 → 등록금 1/2 (외 1단계),재외국민과 외국인 2027,https://drive.google.com/file/d/1pWjXAE5HGqcxbiQ03VEoxsAL4_DIMmvs/view
외국인,2027,,계명대학교,KMU University,대구광역시,5.0,3,Y,3250000,4856000,산업공학과 (Department of Industrial Engineering) / 통계학과 (Department of Statistics) / 경영빅데이터학과 (Department of Management Big Data) / 컴퓨터공학과 (Department of Computer Engineering) / 게임소프트웨어학과 (Department of Game Software) / 모빌리티소프트웨어학과 (Department of Mobility Software),외국인 신·편입학생 장학: TOPIK 5급 이상 → 수업료 100% 감면 (외 2단계) / 외국인장학: TOPIK 3 → 수업료 30% (외국인장학 2) (외 6단계),adiga 외국인 2027 PDF,https://drive.google.com/file/d/1OELyRxgmw4f2yESfCc5OVDG4k-VM_B4P/view
외국인,2027,,국립경국대학교,KNUG University,경상북도,,3,,1690000,2300000,컴퓨터공학전공 (Computer Engineering Major) / 소프트웨어융합전공 (Software Convergence Major) / 데이터과학전공 (Data Science Major) / 디지털ICT공학전공 (Major in Digital ICT Engineering),GKNU Talented Scholarship: TOPIK TOPIK 3급 이상 (신입 2개 학기/편입 1개 학기) → 학기당 100만원 / 입학장학금: TOPIK TOPIK 3급 이상 → 등록금 22%,adiga 외국인 2027 PDF,https://drive.google.com/file/d/1GCLUqnJskbqMP1ckaVzg6aBw8bg9PsmS/view
재외국민,2027,,국립금오공과대학교,KIT University,경상북도,,4,,,,산업·빅데이터공학부 (School of Industrial and Big Data Engineering) / 산업공학전공 (Industrial Engineering Major) / 수리빅데이터전공 (Mathematical Big Data Major) / 컴퓨터공학부 (School of Computer Engineering) / 소프트웨어전공 (Software Major) / 컴퓨터공학전공 (Computer Engineering Major),국제교류협력장학금 (학비감면): TOPIK 5 → 등록금 전액 (A급) (외 4단계),2027 재외국민 특별전형,https://drive.google.com/file/d/1XGN8PgGQPhN_f6c2kpeoTFsbwDEE8_pM/view
재외국민,2027,,국립부경대학교,PKNU University,부산광역시,5.5,3,Y,1703000,2241500,인공지능전공 (Artificial Intelligence Major) / 데이터비즈니스융합전공 (Data Business Convergence Major) / 데이터사이언스융합전공 (Data Science Convergence Major) / 냉동공조공학과 (Department of Refrigeration and Air-Conditioning Engineering) / 빅데이터융합학과 (Department of Big Data Convergence) / 정보통신공학과 (Department of Information and Communication Engineering),입학장학금(한국어트랙): TOPIK 6 → 첫 학기 등록금 100%(A등급) (외 3단계) / 입학장학금(영어트랙): IELTS 8.0 이상 → 첫 학기 등록금 100%(A등급) (외 7단계),2027 재외국민 특별전형,https://drive.google.com/file/d/1xO2Shwfa_71bavZqJENyOrjjK_f6Nezu/view
외국인,2027,,국립순천대학교,SCNU University,전라남도,5.5,3,,1653000,3114000,글로벌ICT문화예술콘텐츠전공 (Global ICT Culture and Arts Content Major) / 인공지능공학부 (School of Artificial Intelligence Engineering) / 컴퓨터공학과 (Department of Computer Engineering),한국어연수과정 수료생 장학금: TOPIK 수료생 중 최고 우수 + TOPIK 3급 이상 → 수업료1·수업료2 전액 (외 2단계) / 신(편)입생 장학금 (연수 미수료자): TOPIK TOPIK 4급 이상 → 수업료1·수업료2 전액 (외 1단계),재외국민과 외국인 특별전형 2027,https://drive.google.com/file/d/11e6bsaO7brMATjYBMJHeGK8hNFgdnJBv/view
외국인,2027,,국립창원대학교,CWNU University,경상남도,,3,,,,통계학과 (Department of Statistics) / 산업시스템공학과 (Department of Industrial Systems Engineering) / 컴퓨터공학과 (Department of Computer Engineering) / 정보통신공학과 (Department of Information and Communication Engineering) / 산업디자인학과 (Department of Industrial Design),"한국어능력시험 우수 장학금: TOPIK 4급 → 250,000원 (외 2단계)",adiga 외국인 2027 PDF,https://drive.google.com/file/d/1IhgEqqeJHe9vkEnAk_2aFJYSHmSBRmRS/view
외국인,2027,,국립한국교통대학교,KNUT University,충청북도,,3,Y,1675000,2455000,"컴퓨터소프트웨어학과 (Department of Computer Software) / 산업경영공학과 (Department of Industrial and Management Engineering) / 산업디자인학과 (Department of Industrial Design) / 철도AI·데이터공학부 (School of Railway AI and Data Engineering) / 철도대학자유전공학부 (School of Open-Major Railway Studies, College of Railway) / 컴퓨터공학과 (Department of Computer Engineering)",신입학생 성적우수 장학금: TOPIK TOPIK 6급 (A유형) → 수업Ⅰ 전액 + 수업Ⅱ 전액 및 재학 중 수업Ⅰ 전액 (외 6단계) / 재학생 성적우수 장학금: GPA 평점평균 2.8 이상 + F학점 없음 (A유형) → 수업Ⅰ 전액 + 수업료Ⅱ 전액 (외 3단계),재외국민과 외국인 특별전형 2027,https://drive.google.com/file/d/1YhKdE3Qzj1v3DxemKCNBQyRfi-B39UaM/view
외국인,2027,,나사렛대학교,Korea Nazarene University,충청남도,5.5,3,,,,AI인공지능학부 (School of Artificial Intelligence (AI)) / AI빅데이터소프트웨어전공 (AI Big Data Software Major) / AI사물인터넷보안전공 (AI Internet of Things (IoT) Security Major),,재외국민과 외국인 특별전형 2027,https://drive.google.com/file/d/1Htj8olRBgKpKyHGR47-oxAKDcsmGgXRG/view
외국인,2027,,단국대학교,Dankook University,경기도,5.5,3,Y,4230000,6799000,소프트웨어학과 (Department of Software) / 컴퓨터공학과 (Department of Computer Engineering) / 통계데이터사이언스학과 (Department of Statistics and Data Science) / 동양화전공 (Major in Oriental Painting) / 서양화전공 (Western Painting Major),신·편입생 장학금(한국어트랙): TOPIK 6 → 수업료의 60%(4년)+생활관비 (외 2단계) / 신입생 장학금(영어트랙 공인영어성적): TOEFL iBT 71 이상 → 수업료 50% 면제(1학기) (외 7단계),adiga 외국인 2027 PDF,https://drive.google.com/file/d/1ZDw08PvPnlBXKnUcIcusAyLF0vhpA_2P/view
외국인,2027,,덕성여자대학교,Duksung University,서울특별시,,3,,3564000,4992000,데이터사이언스학과 (Department of Data Science) / AI신약학과 (Department of AI New Drug Discovery) / 디지털소프트웨어공학부 (School of Digital Software Engineering) / 정보통계학전공 (Information Statistics Major) / 동양화전공 (Major in Oriental Painting) / 서양화전공 (Western Painting Major),지구촌외국인장려장학금: TOPIK 6 → 수업료 100% 감면 (외 2단계) / 지구촌외국인장려장학금: TOPIK 5~6 → 수업료 100% 감면 (외 2단계),adiga 외국인 2027 PDF,https://drive.google.com/file/d/1KK7XY6HQOq1DFTz5Qk70QFHDwNcmjf9M/view
외국인,2027,,동덕여자대학교,Dongduk University,서울특별시,,3,Y,,,컴퓨터학전공 (Computer Science Major) / 정보통계학전공 (Information Statistics Major) / 회화전공 (Painting Major) / 방송연예전공 (Broadcasting and Entertainment Major) / HCI사이언스전공 (HCI (Human-Computer Interaction) Science Major) / 데이터사이언스전공 (Data Science Major),,재외국민과 외국인 2027,https://drive.google.com/file/d/1BI1HN5Cm8CG93KGf1cDp4EuXqE-sSK11/view
재외국민,2027,,명지대학교,Myongji University,경기도,5.5,3,Y,4107000,5994000,경상·통계학부 (School of Business and Statistics) / 응용통계학전공 (Applied Statistics Major) / 융합소프트웨어학부 (School of Convergence Software) / 응용소프트웨어전공 (Applied Software Major) / 데이터사이언스전공 (Data Science Major) / 인공지능전공 (Artificial Intelligence Major),신(편)입생 입학장학금: TOPIK 미취득 → 등록금의 20% (생활지원금) (외 4단계),2027 재외국민 특별전형,https://drive.google.com/file/d/1vPEymxjQWZWWyMzO3-sqo5mSDdmx7yLz/view
외국인,2027,,목원대학교,Mokwon University,대전광역시,5.5,3,Y,,,마케팅빅데이터학과 (Department of Marketing and Big Data) / -한국화전공 (Korean Painting Major) / -서양화전공 (Western Painting Major) / 산업디자인학과 (Department of Industrial Design) / -컴퓨터공학전공 (Computer Engineering Major) / -AI실감콘텐츠전공 (AI Immersive Content Major),입학장학금(B): TOPIK 3급 이상(예·체능 2급) → 등록금 20% 감면 (외 2단계) / 입학장학금(B): TOPIK 3급 이상(예·체능 2급) → 등록금 20% 감면 (외 2단계),adiga 외국인 2027 PDF,https://drive.google.com/file/d/1TaekParzzurMJauXkE-GZJZ4g9r98DuW/view
외국인,2027,,배재대학교,Pai Chai University,대전광역시,5.5,2,Y,,,철도건설공학과 (Department of Railway Construction Engineering) / 소프트웨어공학부 (School of Software Engineering),정부초청장학생(GKS): 순수외국인 선발자 → 등록금·체재비 정부 전액지원 (별도 전형),adiga 외국인 2027 PDF,https://drive.google.com/file/d/130rgKm6JT40dPiByoiIXOHMIvCmqLBeS/view
재외국민,2027,,부산외국어대학교,BUFS University,부산광역시,5.5,3,Y,3780000,4490000,태국어전공 (Thai Language Major) / 사이버경찰전공 (Cyber Police Major) / 컴퓨터공학전공 (Computer Engineering Major) / 소프트웨어전공 (Software Major) / 빅데이터전공 (Big Data Major) / 사이버경찰학과 (Department of Cyber Police),"입학 장학금: TOPIK 3 → 수업료의 30% 감면 (외 3단계) / 입학 후 TOPIK 장학금: TOPIK 4 → 200,000원 (외 2단계)",2027 수시 재외국민전형,https://drive.google.com/file/d/1DpjPihQrW2LdYsekPnbdT6WEH7_aR9sL/view
재외국민,2027,,삼육대학교,Sahmyook University,서울특별시,5.5,3,Y,3768000,4913000,인공지능융합학부 (School of Artificial Intelligence Convergence) / 컴퓨터공학부 (School of Computer Engineering) / 데이터클라우드공학과 (Department of Data and Cloud Engineering),외국인 TOPIK 성적장학금(신입학): TOPIK 6 → 4년 수업료 100% (외 3단계),2027 재외국민모집,https://drive.google.com/file/d/1CnxAks6KeIXZQDg7kv3qRDpa4b_Pvv0e/view
재외국민,2027,,상명대학교,Sangmyung University,서울특별시,,3,Y,4101000,6071000,"휴먼지능정보공학전공 (Human Intelligence and Information Engineering Major) / 지능·데이터융합학부휴먼AI공학전공 (Human AI Engineering Major, School of Intelligence and Data Convergence)",어학우수 장학금: TOPIK 4급 이상(예체능 3급) → 수업료의 70% (외 1단계),2027 재외국민 특별전형,https://drive.google.com/file/d/1cfeMR1pL_eSKiLA9Wj1wSOdnOuZ9n1OP/view
외국인,2027,,서경대학교,Seokyeong University,서울특별시,,4,Y,3649000,4791000,소프트웨어학과 (Department of Software) / 컴퓨터공학과 (Department of Computer Engineering),외국인 한국어(TOPIK) 우수장학금: TOPIK 2 → 등록금 10% (외 4단계),재외국민과 외국인 2027,https://drive.google.com/file/d/1IaJerr1iYMDQ6fTscu6ZudDXiOAdu45Z/view
외국인,2027,,서울여자대학교,SWU University,서울특별시,,3,,3827000,5285000,지능정보보호학부 (School of Intelligent Information Security) / 사이버보안전공 (Cybersecurity Major) / 소프트웨어학과 (Department of Software) / 데이터사이언스학과 (Department of Data Science) / 산업디자인학과 (Department of Industrial Design) / 정보보호학과 (Department of Information Security),외국인 입학장학금 (TOPIK 급수별): TOPIK 3~4급 → 수업료 70% 감면 (외 1단계) / 외국인 입학장학금 (TOPIK 급수별): TOPIK 3급 → 수업료 30% 감면 (외 3단계),adiga 외국인 2027 PDF,https://drive.google.com/file/d/1qDsp7wC1jbVtV5ukJ-YN6jJ_eeJCHCAr/view
외국인,2027,,선문대학교,Sun Moon University,충청남도,5.5,3,Y,3634000,4471000,산업경영공학과 (Department of Industrial and Management Engineering) / 컴퓨터공학부 (School of Computer Engineering) / AI소프트웨어학과 (Department of AI Software),신입생 외국인 장학금 (TOPIK 급수별 차등): TOPIK 3급 → 등록금(수업료) 50% (외 3단계) / 신입생 외국인 장학금 (TOPIK 급수별 차등): TOPIK 3급 → 등록금(수업료) 50% (외 3단계),adiga 외국인 2027 PDF,https://drive.google.com/file/d/135s3j3faibScJCErlFEtKUzTRqgpnYuH/view
재외국민,2027,,수원대학교,Suwon University,경기도,5.5,4,,3257000,3257000,AI데이터과학부 (School of AI Data Science) / 컴퓨터공학부 (School of Computer Engineering),한국어장학금: TOPIK 6급 → 첫학기 수업료 80% (외 2단계),2027 재외국민,https://drive.google.com/file/d/15_uQYXXaT4GCTNnyEu4fl6YOA0xmSWqT/view
외국인,2027,,신한대학교,Shinhan University,경기도,,,,,,소프트웨어융합학과 (Department of Software Convergence) / 산업디자인학과 (Department of Industrial Design) / 빅데이터경영학과 (Department of Big Data Management) / 소프트웨어공학과 (Department of Software Engineering),신입생 성적 우수 장학금:  전체 수석 입학자 → 등록금 전액 / 외국인유학생 장학금:  TOPIK 4급 이상 취득자 → 수업료 50% (외 1단계),재외국민/외국인 2027 (2027 Admission for Int'l Student),https://ipsi.shinhan.ac.kr/adm/info.do?cateId=3&bbsId=BBSMSTR_000000000054&relateImagePath=svis_3
외국인,2027,,영남대학교,Yeungnam University,경상북도,,3,Y,3450000,5488400,산업디자인학과 (Department of Industrial Design),신입생 외국인 장학금: TOPIK 5급 이상 → 수업료 100% 면제 (외 2단계),adiga 외국인 2027 PDF,https://drive.google.com/file/d/1fRwQKccvQjk5GGUBwZ1Y8_zSAjgrMqrU/view
재외국민,2027,,용인대학교,Yong In University,경기도,,2,,3743000,4778000,회화학과 (Department of Painting) / AI융합학부 (School of AI Convergence) / AI학부 (School of AI) / 산업환경보건학과 (Department of Industrial and Environmental Health),신·편입생 첫 학기 장학금:   → TOPIK 2급: 수업료 20% (외 4단계) / 재학생 장학금 (GPA×TOPIK):   → GPA 2.5+: 20~40% (외 3단계),2027 재외국민 특별전형 (외국인은 2026-9월),https://drive.google.com/file/d/1r-Dse5TRu9MxWtuoDojnkpew53ijhbOG/view
외국인,2027,,우송대학교,Woosong University,대전광역시,5.5,3,,,,철도건설시스템학부 (School of Railway Construction Systems) / 철도건설시스템전공 (Railway Construction Systems Major) / 철도전기시스템전공 (Railway Electrical Systems Major) / 철도소프트웨어전공 (Railway Software Major) / 철도차량시스템학과 (Department of Railway Rolling Stock Systems) / 철도자율전공학부 (School of Open-Major Railway Studies),외국어 성적우수자 특별장학금: TOEFL IBT 85점 이상 → 4년간 수업료 전액 감면 (외 2단계) / 외국어 성적우수자 특별장학금: TOEFL IBT 85점 이상 → 4년간 수업료 전액 감면 (외 2단계),adiga 외국인 2027 PDF,https://drive.google.com/file/d/1j6bs86dEBVhOhXqVzTVtSIRjNwTlIzS8/view
외국인,2027,,을지대학교,Eulji University,대전광역시,5.5,3,Y,,,빅데이터인공지능전공 (Big Data and Artificial Intelligence Major) / 중독상담전공 (Addiction Counseling Major),"외국인유학생 장학금:   → 직전학기 성적 및 어학성적 기반 선발: 학비 20%~100% 차등 지급 / 순수 외국인 입학자 장학금:   → 전 학년(4년간) 수업료 지원 (성적에 따른 차등지급, 직전학기 성적 2.0 이상)",adiga 외국인 2027 PDF,https://drive.google.com/file/d/1JrQFKO0WqTWHyuXSFGzrYcHOQa9NvmDK/view
외국인,2027,,인제대학교,Inje University,경상남도,5.5,3,Y,,,AI컴퓨터학과 (Department of AI Computers),입학 장학금 A형: TOPIK 4급 이상 → 등록금 100% 감면 (외 2단계) / 입학 장학금 B형: TOPIK 6급 → 등록금 100% 감면 (외 3단계),adiga 외국인 2027 PDF,https://drive.google.com/file/d/1Bcb6OhiWIQOwb5njO8LnRa6rwkyQTfRM/view
재외국민,2027,,전주대학교,Jeonju University,전라북도,5.5,3,Y,3491000,4560000,정보통신공학과 (Department of Information and Communication Engineering) / 데이터사이언스학과 (Department of Data Science) / 인공지능학과 (Department of Artificial Intelligence) / 컴퓨터공학과 (Department of Computer Engineering) / 산업디자인학과 (Department of Industrial Design),영어트랙 장학금 (신입생 첫 학기): TOEFL iBT 104 또는 IELTS 7.5 이상 → 등록금 70% 감면 (외 2단계) / 신입생 장학금(TOPIK 급수별): TOPIK 3급 이상 → 첫 학기 수업료 30% (외 3단계),2027 재외국민 모집요강,https://drive.google.com/file/d/1zxMbdl3NJbHNJ4YHyCF253LDYbGmkGez/view
외국인,2027,,제주대학교,Jeju University,제주특별자치도,,3,Y,1920000,2564000,산업응용경제학과 (Department of Industrial and Applied Economics) / 인공지능학과 (Department of Artificial Intelligence) / 공업디자인전공 (Industrial Design Major) / 데이터사이언스학과 (Department of Data Science) / 컴퓨터공학과 (Department of Computer Engineering) / 인공지능전공 (Artificial Intelligence Major),유학생 장학금 (A급/E급): TOPIK 5급 이상 → 등록금 전액 면제 (A급) (외 1단계),adiga 외국인 2027 PDF,https://drive.google.com/file/d/1vr_v4J-s09ltZTCi6EkcreBDsFhMK3PG/view
외국인,2027,,청운대학교,Chungwoon University,충청남도,5.5,2,Y,3310500,4360500,뮤직트레이너학과 (Department of Music Trainer) / 컴퓨터공학과 (Department of Computer Engineering),"외국인 장학금(언어성적별 학비 감면): TOEFL IELTS 8.0 / TOEFL iBT 112 → 80% 학비 감면 (외 9단계) / 외국인 장학금(대학원 입학 첫 학기 TOPIK): TOPIK 2, 3급 → 20% 학비 감면 (외 1단계)",2027 부모 모두 외국인 전형,https://drive.google.com/file/d/1S3O21P6DuAc-Ym6Rn9zZcQDdC__Fnv0q/view
외국인,2027,,청주대학교,Cheongju University,충청북도,,,Y,,,산업디자인학과 (Department of Industrial Design) / 데이터사이언스학과 (Department of Data Science) / 인공지능소프트웨어학과 (Department of Artificial Intelligence Software),,adiga 외국인 2027 PDF,https://drive.google.com/file/d/1VKUOmm7fco-LXJqw5iIlVEdl7psAiouF/view
외국인,2027,,평택대학교,Pyeongtaek University,경기도,5.5,2,,3532000,4593000,융합소프트웨어학과 (Department of Convergence Software) / 정보통신학과 (Department of Information and Communication) / 데이터정보학과 (Department of Data and Information Science) / ICT융합학부 (School of ICT Convergence) / ICT환경융합학과 (Department of ICT Environment Convergence) / AI융합학과 (Department of AI Convergence),외국인 특별전형 합격자 첫 학기 장학금: TOPIK 6급 → 수업료 100% (외 9단계) / 외국인 특별전형 합격자 첫 학기 장학금(대학원): TOPIK 6급 → 수업료 100% (외 8단계),adiga 외국인 2027 PDF,https://drive.google.com/file/d/1rne2IwrPJ4K0xjzEipWj3ySwBN_GB1kG/view
외국인,2027,,한국성서대학교,KBU University,서울특별시,,4,,,,AI융합학부 (School of AI Convergence),,재외국민과 외국인 2027,https://drive.google.com/file/d/1bgOdOumm4_2QNbRgOUDRndXuTbaCpfaj/view
외국인,2027,,한국항공대학교,Korea Aerospace University,경기도,5.5,3,Y,3923000,5032000,AI자율주행시스템공학과 (Department of AI Autonomous Driving Systems Engineering) / 컴퓨터공학과 (Department of Computer Engineering) / 소프트웨어학과 (Department of Software),한국어 성적 우수자 장학금(Korean track): TOPIK 6급 → 첫학기 등록금 70% (외 3단계) / 영어 성적 우수자 장학금(English track): TOEFL iBT 96 이상 또는 IELTS 7.0 이상 → 첫학기 등록금 100% (외 2단계),재외국민과 외국인 특별전형 2027,https://drive.google.com/file/d/1jp_6ai7mziUlmgzHTUvfZWCmszwAnA7Y/view
외국인,2027,,한림대학교,Hallym University,강원도,5.5,2,Y,3575800,4644800,소프트웨어학부 (School of Software) / 인공지능융합학부 (School of Artificial Intelligence Convergence) / 데이터사이언스학부 (School of Data Science),순수 외국인 전형 외국인 신(편)입생 장학금(한국어트랙): TOPIK 6급 → 80% 감면 (외 4단계),재외국민및외국인 2027,https://drive.google.com/file/d/1ip5XMhSxJmzYqFk6nkXuRcYSKIaNeM4B/view
외국인,2027,,한서대학교,Hanseo University,충청남도,5.5,3,,,,헬리콥터조종학과 (Department of Helicopter Pilot Training) / 항공정비학과 (Department of Aircraft Maintenance) / 항공산업공학과 (Department of Aviation Industrial Engineering) / 공항행정학과 (Department of Airport Administration) / AI·SW학부 (School of AI and Software) / 항공AI소프트웨어학과 (Department of Aviation AI Software),"외국인 유학생 장학금(TOPIK):   → 300,000원 (1학기, 재학 중 1회)",adiga 외국인 2027 PDF,https://drive.google.com/file/d/1q_48GFwI2ys8cPrLD9dgopMKGjcYRIYJ/view
외국인,2026,,강원대학교,Kangwon National University,강원도,5.5,4,,1712000,2309000,"컴퓨터공학과 (Department of Computer Engineering) / 첨단AI공학과 (Department of Advanced AI Engineering) / 글로벌융합학부글로벌산업기술전공 (School of Global Convergence, Global Industrial Technology Major)","신입생 특별 장학금: TOPIK 4급 → 등록금 약 60% 면제 (외 5단계) / 신입생 특별 장학금 (일반대학 출신자): TOPIK 5 → 등록금의 약 50% 면제 (영어트랙: IELTS 7.0, TOEFL 94) (외 2단계)",2026 외국인 학부 전형,https://drive.google.com/file/d/1KuCiv2Zqql6KULMcAQ93daAesG5EeYmD/view
외국인,2026,,경일대학교,KIU University,경상북도,5.5,3,Y,2988100,3874077,철도운전시스템학부 (School of Railway Operation Systems),,2026 후기 재외국민과 외국인,https://drive.google.com/file/d/15P_yvxyIAQpCCq0nP8rhNW7fkYOs4fdG/view
외국인,2026,,광주대학교,Gwangju University,광주광역시,5.5,3,Y,3173000,3736000,산업디자인학과 (Department of Industrial Design) / 컴퓨터공학과 (Department of Computer Engineering) / 사이버보안경찰학과 (Department of Cybersecurity and Police) / AI소프트웨어학과 (Department of AI Software),입학장학금: TOPIK 3 → 40% 면제 (외 5단계) / TOPIK장학: TOPIK 5 → 수업료 50% (외 1단계),2026 외국인 신·편입 특별전형,https://drive.google.com/file/d/1lYrUqtAr-F2wo7NtJTNLM_YNdaqyaEFF/view
외국인,2026,,국립군산대학교,KSNU University,전라북도,,3,,2209000,3023000,컴퓨터정보공학과 (Department of Computer and Information Engineering) / 인공지능융합학과 (Department of Artificial Intelligence Convergence) / 임베디드소프트웨어학과 (Department of Embedded Software) / 소프트웨어학과 (Department of Software) / 산업디자인학부 (School of Industrial Design) / 데이터사이언스학전공 (Data Science Major),신입생장학금: TOPIK 4 → 등록금 전액 (입학금 제외) (외 2단계),2026 후기 외국인 학부,https://drive.google.com/file/d/1k2jkuo-7_kDxxyZIEcT6Lw01xcAsraRK/view
외국인,2026,,국립목포대학교,Mokpo University,전라남도,5.5,2,Y,1657500,2118000,인공지능공학과 (Department of Artificial Intelligence Engineering) / 컴퓨터학부 (School of Computer Science) / 컴퓨터공학전공 (Computer Engineering Major) / 융합소프트웨어전공 (Convergence Software Major) / 정보보호전공 (Information Protection Major),외국인 유학생 장학금: TOPIK 4 이상 → 등록금 전액 (외 4단계),2026 순수외국인,https://drive.google.com/file/d/1Yrg2aJ1cJleanabMUtvgSCALQREAZWDR/view
외국인,2026,,극동대학교,Far East University,충청북도,5.5,3,Y,,,항공정비학과 (Department of Aircraft Maintenance),"유학생 TOPIK 장학금: TOPIK 정규 TOPIK 3급 이상 (한국 내 응시) 취득 → 다음 학기 수업료 50% 감면 / 성적 우수자 장학금: GPA 출석 90% 이상, 성적 90점 이상 → 다음 학기 수업료 20% 감면",2026 재외국민과 외국인,https://drive.google.com/file/d/1StLshQ2d0GmIVKiko_1BlNjZnlYjwQuk/view
외국인,2026,,김천대학교,Gimcheon University,경상북도,5.5,2,,,,산업안전학과 (Department of Industrial Safety),,2026 외국인 특별전형,https://drive.google.com/file/d/1vUOPhvt8Le-kRyjF4zQfcOrdKq-z5Gop/view
외국인,2026,,대구가톨릭대학교,Daegu Catholic University,경상북도,5.5,4,Y,3454000,5407000,컴퓨터소프트웨어학부 (School of Computer Software) / 컴퓨터공학전공 (Computer Engineering Major) / 사이버보안전공 (Cybersecurity Major) / AI빅데이터공학과 (Department of AI Big Data Engineering) / 소프트웨어융합학과 (Department of Software Convergence) / 인공지능컴퓨터전공 (Artificial Intelligence and Computer Major),한국어능력 장학금(신·편입생): TOPIK 4급 이상 → 수업료 100% 면제(최초 1개 학기) (외 1단계) / 영어능력 장학금(영어트랙): TOEFL PBT 603/iBT 100 → 수업료 100% 면제(최초 1개 학기) (외 3단계),2026 후기 외국인특별전형,https://drive.google.com/file/d/1PRToucvNNH5t5rvmvvl6kqi44Sa6n8ne/view
외국인,2026,,대구대학교,Daegu University,경상북도,5.5,3,Y,3666000,5351000,공직법무전공 (Public Service and Legal Affairs Major) / 컴퓨터정보공학부 (School of Computer and Information Engineering) / 컴퓨터공학전공 (Computer Engineering Major) / 컴퓨터소프트웨어전공 (Computer Software Major) / 사이버보안전공 (Cybersecurity Major) / 산업디자인학과 (Department of Industrial Design),"신·편입생 입학장학금(TOPIK): TOPIK 6 → 수업료 100%(첫 8개 학기) (외 3단계) / 신·편입생 입학장학금(영어성적, 국제대학 영어전용학과): IELTS 7.5 → 수업료 100%(첫 1개 학기) (외 5단계)",2026-2 외국인 (재외국민 2027 별도),https://drive.google.com/file/d/1oYNeTGWtUi12vSY4OONiEzThCWOo8rLW/view
외국인,2026,,대구한의대학교,DHU University,경상북도,5.5,2,Y,,,헤어메이크업디자인학과 (Department of Hair and Makeup Design),,2026 후기 외국인,https://drive.google.com/file/d/1MH5jrnU9u8XVk0CllyHc8KnzPAKTZH01/view
외국인,2026,,동명대학교,Tongmyong University,부산광역시,5.5,3,Y,3000000,4150000,헤어디자인학과 (Department of Hair Design) / 컴퓨터공학과 (Department of Computer Engineering) / 인공지능응용학과 (Department of Applied Artificial Intelligence) / 냉동공조공학과 (Department of Refrigeration and Air-Conditioning Engineering),외국인장학 A/B: TOPIK 4급 → 수업료 30% 감면 (외국인장학A) (외 5단계) / 유학생장학: TOPIK 6 → 50% 감면 (외 7단계),2026-2 외국인유학생 특별전형,https://drive.google.com/file/d/1ibetJN1QujTjqjGwilw8n3AryZuzL-6q/view
외국인,2026,,동서대학교,Dongseo University,부산광역시,5.5,3,,2921000,3993000,-소프트웨어전공 (Software Major) / 컴퓨터공학과 (Department of Computer Engineering),외국인신입생장학(한국어트랙): TOPIK 5급 이상 → 수업료의 100% 감면 (외 3단계) / 외국인신입생장학(영어트랙): IELTS 7.5 이상 → 수업료의 100% 감면 (외 3단계),2026 후기 외국인전형,https://drive.google.com/file/d/12A95LJp64ZUW342YW0MdtRBzt8-b6EiE/view
외국인,2026,,부산가톨릭대학교,Catholic University,부산광역시,,,Y,3135000,4011000,산업안전보건학과 (Department of Industrial Safety and Health) / 컴퓨터정보공학과 (Department of Computer and Information Engineering),외국인 유학생 CUP 스타트업 장학금: TOPIK 6 → 수업료 전액 (외 5단계),2026 전기 외국인 특별전형,https://drive.google.com/file/d/1dfHFbDa_P-HUWefQXBe1Dx03f7GpdG1T/view
외국인,2026,,상지대학교,Sangji University,강원도,5.5,3,Y,2975000,4654000,컴퓨터공학과 (Department of Computer Engineering) / 소프트웨어학과 (Department of Software),TOPIK 우수 장학금: TOPIK 4급 이상 → 수업료 50% 감면,2026 외국인모집요강,https://drive.google.com/file/d/10YZGbnfglDddk2KgNZcNKRo3kSTUJzIq/view
외국인,2026,,성결대학교,Sungkyul University,경기도,,4,,,,산업경영공학과 (Department of Industrial and Management Engineering) / 컴퓨터공학과 (Department of Computer Engineering) / 정보통신공학과 (Department of Information and Communication Engineering) / 미디어소프트웨어학과 (Department of Media Software),외국인 신입생 장학금: TOPIK 6급 → 등록금의 100% (외 3단계),2026-1 외국인 입학,https://drive.google.com/file/d/1k2bozu_7AapD8Txyec1Q2-3SPnDl_5kG/view
외국인,2026,,세명대학교,Semyung University,충청북도,5.5,3,,3169000,3987500,아트&산업디자인학과 (Department of Art & Industrial Design) / 컴퓨터학부 (School of Computer Science) / 산업디자인학과 (Department of Industrial Design),토픽장학금 (영어트랙 추가장학금): TOPIK 3급 → 총 40% 감면 (추가 10%) (외 3단계),2026 외국인,https://drive.google.com/file/d/1tZn1jpNKJgij1003TwW2w8itnshYbD0K/view
외국인,2026,,순천향대학교,SCH University,충청남도,5.5,5,Y,3524000,5443000,컴퓨터공학과 (Department of Computer Engineering) / 정보통신공학과 (Department of Information and Communication Engineering) / 컴퓨터소프트웨어공학과 (Department of Computer Software Engineering) / 정보보호학과 (Department of Information Security) / AI·빅데이터학과 (Department of AI and Big Data),신·편입생 입학장학금 (TOPIK): TOPIK 6급 → 140만원 지급 (외 3단계),2026-2 외국인 특별전형,https://drive.google.com/file/d/1ESlZmB01VVTAy0hKCLZSUIOlppgSIPHu/view
외국인,2026,,신경주대학교,SKU University,경상북도,5.5,2,Y,3255000,4525000,AI융합미디어창업학과 (Department of AI Convergence Media Entrepreneurship) / AI전기자동차학과 (Department of AI Electric Vehicles) / 산업안전보건학과 (Department of Industrial Safety and Health),외국인우수학생 장학금: TOPIK 6급 → 수업료 50% (외 7단계),2026-2 외국인 특별전형,https://drive.google.com/file/d/1G5SozN_A6gL21p8WySuq7tt95ljtUrcj/view
외국인,2026,,조선대학교,Chosun University,광주광역시,,3,Y,3025000,4181800,컴퓨터통계학과 (Department of Computer Science and Statistics) / 공공인재법무학과 (Department of Public Talent and Legal Affairs) / 산업공학과 (Department of Industrial Engineering) / AI소프트웨어학부 (School of AI Software) / 컴퓨터공학전공 (Computer Engineering Major) / 정보통신공학전공 (Information and Communication Engineering Major),입학장학금 (입학 첫 학기만 해당):   → TOPIK 4급 이상: 1종(등록금 전액) (외 2단계) / 성적장학금:   → GPA 4.2 이상: 1종(전액) (외 3단계),2026-2 외국인특별전형,https://drive.google.com/file/d/1p4w6hpZZuOqH-6nrUB8WTanhFe-VGU5v/view
외국인,2026,,한남대학교,Hannam University,대전광역시,5.5,3,Y,3545580,4530060,정보통신공학과 (Department of Information and Communication Engineering) / 컴퓨터공학과 (Department of Computer Engineering) / 산업경영공학과 (Department of Industrial and Management Engineering) / AI융합학과 (Department of AI Convergence) / 빅데이터응용학과 (Department of Big Data Application) / 법무법학전공 (Legal Affairs and Law Major),외국인 장학금(신입생 언어성적별): TOPIK 3급 취득자(또는 본교/한국어교육원 3급 이수) → 등록금 40% 감면 (외 4단계),2026 외국인 신입학,https://drive.google.com/file/d/1e7CIgdq9R7GK89avDQQ3x4ezl7pk4Jvb/view
외국인,2026,,한성대학교,Hansung University,서울특별시,5.5,3,Y,,,영상엔터테인먼트학과 (Department of Visual Entertainment) / SW융합학과 (Department of Software Convergence) / ICT디자인학부 (School of ICT Design) / 컴퓨터공학부 (School of Computer Engineering) / 산업시스템공학부 (School of Industrial Systems Engineering) / AI응용학과 (Department of AI Applications),입학장학금: TOPIK 6 → 수업료 100% 지급 (외 3단계) / 외국인 입학장학(다언어과정): TOPIK 4급 이상 → 수업료 80% 이내 (외 1단계),2026 순수외국인,https://drive.google.com/file/d/1YFLNV4OtqbaE--BhgbNaIWDKDG1-CmvV/view
외국인,2026,,협성대학교,Hyupsung University,경기도,5.5,,Y,,,컴퓨터공학과 (Department of Computer Engineering) / 소프트웨어공학과 (Department of Software Engineering) / 산업디자인학과 (Department of Industrial Design),"언어능력우수장학금: IELTS 5.5 → 등록금의 70% (외 3단계) / 외국인유학생 장학금: TOPIK 6급 → 1,600,000원 (외 2단계)",2026-2 순수외국인전형,https://drive.google.com/file/d/1oYKFunlyph_mG2GmJ5Nw3bwhUCmYVkRH/view
